Player,Age,Team,Pos,G,GS,MP,FG,FGA,FG%,3P,3PA,3P%,2P,2PA,2P%,eFG%,FT,FTA,FT%,ORB,DRB,TRB,AST,STL,BLK,TOV,PF,PTS,Trp-Dbl,Awards,Player Key,FP,FPPG,FPPM,MPG,FPR
Aaron Gordon,29,DEN,PF,7,7,212,37,70,.529,12,22,.545,25,48,.521,.614,22,26,.846,19,28,47,22,5,2,9,13,108,0,,aaron-gordon,162,23.1,0.76,30.3,17.7
Aaron Holiday,28,HOU,PG,10,0,90,13,29,.448,8,21,.381,5,8,.625,.586,5,7,.714,0,9,9,14,1,1,3,5,39,0,,aaron-holiday,56,5.6,0.62,9.0,3.5
Aaron Nesmith,25,IND,SF,6,6,136,19,36,.528,6,11,.545,13,25,.520,.611,11,13,.846,4,20,24,6,4,2,5,24,55,0,,aaron-nesmith,62,10.3,0.46,22.7,4.7
Aaron Wiggins,26,OKC,SG,16,7,341,59,132,.447,26,61,.426,33,71,.465,.545,9,11,.818,20,40,60,29,13,5,13,24,153,0,,aaron-wiggins,223,13.9,0.65,21.3,9.1
Adam Flagler,25,OKC,SG,8,0,27,4,13,.308,4,12,.333,0,1,.000,.462,0,0,,1,3,4,0,2,0,0,4,12,0,,adam-flagler,14,1.8,0.52,3.4,0.9
Adama Sanogo,22,CHI,C,3,0,14,3,5,.600,0,0,,3,5,.600,.600,0,0,,2,0,2,1,0,0,1,1,6,0,,adama-sanogo,7,2.3,0.5,4.7,1.2
Adem Bona,21,PHI,PF,10,0,34,5,6,.833,0,0,,5,6,.833,.833,1,1,1.000,5,8,13,0,0,3,2,5,11,0,,adem-bona,20,2.0,0.59,3.4,1.2
A.J. Green,25,MIL,SG,15,2,283,39,81,.481,35,75,.467,4,6,.667,.698,3,4,.750,3,25,28,13,10,1,6,17,116,0,,aj-green,145,9.7,0.51,18.9,5.0
AJ Johnson,20,MIL,SG,4,0,8,1,3,.333,0,0,,1,3,.333,.333,0,0,,0,1,1,1,0,0,1,0,2,0,,aj-johnson,3,0.8,0.38,2.0,0.3
Ajay Mitchell,22,OKC,SG,16,0,259,35,70,.500,9,19,.474,26,51,.510,.564,7,9,.778,6,22,28,30,15,1,14,27,86,0,,ajay-mitchell,119,7.4,0.46,16.2,3.4
Al Horford,38,BOS,C,13,13,356,48,93,.516,31,65,.477,17,28,.607,.683,6,6,1.000,14,58,72,29,12,11,13,18,133,0,,al-horford,226,17.4,0.63,27.4,11.0
Alec Burks,33,MIA,SG,6,0,110,13,28,.464,10,20,.500,3,8,.375,.643,2,2,1.000,3,11,14,12,3,1,1,2,38,0,,alec-burks,65,10.8,0.59,18.3,6.4
Alex Caruso,30,OKC,SG,13,0,256,26,73,.356,8,39,.205,18,34,.529,.411,5,7,.714,9,29,38,28,24,9,9,34,65,0,,alex-caruso,121,9.3,0.47,19.7,4.4
Alex Ducas,24,OKC,SG,4,0,7,0,3,.000,0,2,.000,0,1,.000,.000,0,0,,0,0,0,0,0,0,0,0,0,0,,alex-ducas,0,0.0,0.0,1.8,0.0
Alex Len,31,SAC,C,12,2,105,11,18,.611,0,4,.000,11,14,.786,.611,2,4,.500,6,24,30,10,2,11,6,14,24,0,,alex-len,57,4.8,0.54,8.8,2.6
Alex Reese,25,OKC,PF,1,0,2,1,1,1.000,0,0,,1,1,1.000,1.000,0,0,,1,0,1,0,0,0,0,0,2,0,,alex-reese,3,3.0,1.5,2.0,4.5
Alex Sarr,19,WAS,C,14,14,361,50,143,.350,12,61,.197,38,82,.463,.392,21,30,.700,27,54,81,31,10,28,17,41,133,0,,alex-sarr,225,16.1,0.62,25.8,10.0
Alperen Sengun,22,HOU,C,17,17,496,122,252,.484,8,27,.296,114,225,.507,.500,56,75,.747,60,125,185,79,17,21,35,47,308,2,,alperen-sengun,528,31.1,1.06,29.2,33.1
Amen Thompson,22,HOU,SF,17,1,421,66,121,.545,4,16,.250,62,105,.590,.562,49,69,.710,34,79,113,38,18,14,30,40,185,0,,amen-thompson,298,17.5,0.71,24.8,12.4
Amir Coffey,27,LAC,SG,17,2,412,58,117,.496,27,60,.450,31,57,.544,.611,29,34,.853,11,32,43,20,9,1,11,27,172,0,,amir-coffey,207,12.2,0.5,24.2,6.1
Andre Drummond,31,PHI,C,14,9,299,49,96,.510,1,5,.200,48,91,.527,.516,22,43,.512,43,79,122,7,19,7,24,37,121,0,,andre-drummond,215,15.4,0.72,21.4,11.0
Andre Jackson Jr.,23,MIL,SG,15,7,261,17,45,.378,9,24,.375,8,21,.381,.478,4,8,.500,9,30,39,21,12,5,22,39,47,0,,andre-jackson,63,4.2,0.24,17.4,1.0
Andrew Nembhard,25,IND,SG,7,7,187,20,52,.385,3,13,.231,17,39,.436,.413,8,10,.800,1,13,14,33,6,0,10,15,51,0,,andrew-nembhard,79,11.3,0.42,26.7,4.8
Andrew Wiggins,29,GSW,SF,13,13,354,78,160,.488,25,61,.410,53,99,.535,.566,43,56,.768,22,34,56,31,10,12,12,26,224,0,,andrew-wiggins,295,22.7,0.83,27.2,18.9
Anfernee Simons,25,POR,SG,13,13,378,70,185,.378,27,90,.300,43,95,.453,.451,36,39,.923,2,24,26,51,10,1,33,17,203,0,,anfernee-simons,241,18.5,0.64,29.1,11.8
Anthony Black,21,ORL,PG,17,1,424,51,122,.418,13,44,.295,38,78,.487,.471,33,46,.717,11,37,48,77,16,14,39,38,148,0,,anthony-black,226,13.3,0.53,24.9,7.1
Anthony Davis,31,LAL,C,14,14,493,153,267,.573,13,30,.433,140,237,.591,.597,119,152,.783,37,120,157,39,17,27,30,27,438,0,,anthony-davis,621,44.4,1.26,35.2,55.9
Anthony Edwards,23,MIN,SG,15,15,556,149,314,.475,72,167,.431,77,147,.524,.589,49,64,.766,7,67,74,55,18,9,46,34,419,0,,anthony-edwards,495,33.0,0.89,37.1,29.4
Anthony Gill,32,WAS,PF,9,0,39,7,11,.636,2,3,.667,5,8,.625,.727,1,4,.250,1,6,7,3,2,0,1,2,17,0,,anthony-gill,26,2.9,0.67,4.3,1.9
Antonio Reeves,24,NOP,SG,10,0,104,23,54,.426,8,28,.286,15,26,.577,.500,4,5,.800,3,10,13,5,3,0,3,4,58,0,,antonio-reeves,72,7.2,0.69,10.4,5.0
Ariel Hukporti,22,NYK,C,7,0,68,4,8,.500,0,0,,4,8,.500,.500,1,2,.500,2,12,14,3,0,8,7,11,9,0,,ariel-hukporti,16,2.3,0.24,9.7,0.5
Armel Traoré,22,LAL,SF,1,0,4,0,1,.000,0,1,.000,0,0,,.000,0,0,,0,1,1,0,0,0,0,1,0,0,,armel-traore,0,0.0,0.0,4.0,0.0
Austin Reaves,26,LAL,SG,15,15,518,89,203,.438,41,113,.363,48,90,.533,.539,41,54,.759,12,42,54,79,17,4,31,36,260,0,,austin-reaves,347,23.1,0.67,34.5,15.5
Ayo Dosunmu,25,CHI,SG,17,4,493,75,163,.460,18,67,.269,57,96,.594,.515,27,31,.871,11,57,68,72,7,8,23,41,195,0,,ayo-dosunmu,286,16.8,0.58,29.0,9.8
Bam Adebayo,27,MIA,C,13,13,458,78,183,.426,10,32,.313,68,151,.450,.454,46,65,.708,39,84,123,51,24,15,20,25,212,0,,bam-adebayo,380,29.2,0.83,35.2,24.3
Baylor Scheierman,24,BOS,SG,3,0,18,1,6,.167,0,4,.000,1,2,.500,.167,2,2,1.000,1,3,4,0,0,0,0,2,4,0,,baylor-scheierman,6,2.0,0.33,6.0,0.7
Ben Sheppard,23,IND,SG,13,5,272,28,66,.424,19,47,.404,9,19,.474,.568,0,0,,5,24,29,17,5,4,5,33,75,0,,ben-sheppard,92,7.1,0.34,20.9,2.4
Ben Simmons,28,BRK,PG,12,10,295,31,57,.544,0,0,,31,57,.544,.544,3,4,.750,14,57,71,79,10,7,34,34,65,0,,ben-simmons,164,13.7,0.56,24.6,7.6
Bennedict Mathurin,22,IND,SG,16,11,495,99,194,.510,28,62,.452,71,132,.538,.582,76,91,.835,21,87,108,25,12,4,33,40,302,0,,bennedict-mathurin,378,23.6,0.76,30.9,18.0
Bilal Coulibaly,20,WAS,SF,13,13,455,69,130,.531,14,41,.341,55,89,.618,.585,31,42,.738,23,53,76,34,17,9,28,35,183,0,,bilal-coulibaly,256,19.7,0.56,35.0,11.1
Blake Wesley,21,SAS,SG,14,0,158,22,53,.415,2,15,.133,20,38,.526,.434,10,13,.769,3,7,10,22,5,1,14,9,56,0,,blake-wesley,71,5.1,0.45,11.3,2.3
Bobby Portis,29,MIL,PF,15,1,359,84,178,.472,15,47,.319,69,131,.527,.514,16,21,.762,28,86,114,19,6,7,21,24,199,0,,bobby-portis,300,20.0,0.84,23.9,16.7
Bogdan Bogdanović,32,ATL,SG,4,0,96,12,38,.316,9,27,.333,3,11,.273,.434,3,3,1.000,5,8,13,10,1,2,8,9,36,0,,bogdan-bogdanovic,45,11.2,0.47,24.0,5.3
Bol Bol,25,PHO,PF,4,0,20,5,9,.556,1,4,.250,4,5,.800,.611,4,6,.667,2,3,5,1,0,0,1,1,15,0,,bol-bol,19,4.8,0.95,5.0,4.5
Bones Hyland,24,LAC,PG,4,0,21,5,14,.357,3,7,.429,2,7,.286,.464,4,4,1.000,1,2,3,0,2,2,1,2,17,0,,bones-hyland,21,5.2,1.0,5.2,5.2
Bradley Beal,31,PHO,SG,9,9,313,58,122,.475,23,60,.383,35,62,.565,.570,21,26,.808,6,30,36,33,13,8,12,24,160,0,,bradley-beal,214,23.8,0.68,34.8,16.3
Brandin Podziemski,21,GSW,SG,14,3,335,44,117,.376,10,53,.189,34,64,.531,.419,10,16,.625,16,49,65,46,12,4,18,30,108,0,,brandin-podziemski,187,13.4,0.56,23.9,7.5
Brandon Boston Jr.,23,NOP,SG,14,9,418,65,155,.419,18,58,.310,47,97,.485,.477,27,32,.844,15,45,60,59,20,4,24,26,175,0,,brandon-boston,268,19.1,0.64,29.9,12.3
Brandon Clarke,28,MEM,PF,15,6,241,38,76,.500,1,16,.063,37,60,.617,.507,10,13,.769,18,38,56,9,13,1,5,25,87,0,,brandon-clarke,136,9.1,0.56,16.1,5.1
Brandon Ingram,27,NOP,SF,16,16,539,144,310,.465,39,107,.364,105,203,.517,.527,39,47,.830,16,76,92,87,13,10,62,41,366,0,,brandon-ingram,465,29.1,0.86,33.7,25.1
Brandon Miller,22,CHO,SF,11,11,353,74,179,.413,39,106,.368,35,73,.479,.522,18,19,.947,7,41,48,42,19,6,26,26,205,0,,brandon-miller,268,24.4,0.76,32.1,18.5
Brandon Williams,25,DAL,PG,5,0,21,2,9,.222,0,2,.000,2,7,.286,.222,2,3,.667,1,3,4,2,0,0,2,2,6,0,,brandon-williams,8,1.6,0.38,4.2,0.6
Brice Sensabaugh,21,UTA,SF,10,0,135,22,47,.468,12,29,.414,10,18,.556,.596,8,9,.889,7,16,23,5,3,1,11,5,64,0,,brice-sensabaugh,80,8.0,0.59,13.5,4.7
Bronny James,20,LAL,SG,6,0,16,1,6,.167,0,4,.000,1,2,.500,.167,2,2,1.000,1,0,1,2,1,0,0,2,4,0,,bronny-james,6,1.0,0.38,2.7,0.4
Brook Lopez,36,MIL,C,16,16,520,73,157,.465,29,86,.337,44,71,.620,.557,21,29,.724,21,63,84,27,23,36,20,40,196,0,,brook-lopez,306,19.1,0.59,32.5,11.3
Bruno Fernando,26,TOR,C,11,0,100,17,35,.486,0,0,,17,35,.486,.486,5,6,.833,16,21,37,12,1,7,10,18,39,0,,bruno-fernando,68,6.2,0.68,9.1,4.2
Buddy Hield,32,GSW,SG,15,1,363,87,184,.473,53,120,.442,34,64,.531,.617,16,18,.889,12,46,58,24,11,5,18,32,243,0,,buddy-hield,291,19.4,0.8,24.2,15.6
Cade Cunningham,23,DET,PG,17,17,618,149,340,.438,38,106,.358,111,234,.474,.494,63,78,.808,19,104,123,151,15,15,79,43,399,4,,cade-cunningham,581,34.2,0.94,36.4,32.1
Caleb Houstan,22,ORL,SF,10,0,46,3,13,.231,2,10,.200,1,3,.333,.308,0,0,,1,6,7,0,0,1,0,6,8,0,,caleb-houstan,10,1.0,0.22,4.6,0.2
Caleb Martin,29,PHI,SF,15,14,499,53,123,.431,14,45,.311,39,78,.500,.488,35,51,.686,23,53,76,40,17,8,31,30,155,0,,caleb-martin,235,15.7,0.47,33.3,7.4
Cam Reddish,25,LAL,SF,9,6,193,16,25,.640,7,11,.636,9,14,.643,.780,6,10,.600,6,25,31,5,9,4,3,15,45,0,,cam-reddish,76,8.4,0.39,21.4,3.3
Cam Spencer,24,MEM,SG,1,0,9,0,1,.000,0,1,.000,0,0,,.000,0,0,,0,1,1,2,0,1,1,0,0,0,,cam-spencer,3,3.0,0.33,9.0,1.0
Cam Thomas,23,BRK,SG,15,15,508,120,264,.455,42,109,.385,78,155,.503,.534,81,93,.871,6,44,50,50,12,1,46,30,363,0,,cam-thomas,400,26.7,0.79,33.9,21.0
Cam Whitmore,20,HOU,SF,8,0,79,18,48,.375,1,21,.048,17,27,.630,.385,10,16,.625,4,7,11,4,1,1,3,9,47,0,,cam-whitmore,52,6.5,0.66,9.9,4.3
Cameron Johnson,28,BRK,PF,16,16,538,104,209,.498,55,130,.423,49,79,.620,.629,45,49,.918,10,55,65,46,11,7,12,34,308,0,,cameron-johnson,391,24.4,0.73,33.6,17.8
Cameron Payne,30,NYK,PG,11,0,188,34,77,.442,20,45,.444,14,32,.438,.571,2,4,.500,6,13,19,37,8,2,7,23,90,0,,cameron-payne,126,11.5,0.67,17.1,7.7
Caris LeVert,30,CLE,SG,13,0,317,55,103,.534,22,48,.458,33,55,.600,.641,21,28,.750,9,29,38,58,13,7,14,18,153,0,,caris-levert,237,18.2,0.75,24.4,13.6
Carlton Carrington,19,WAS,PG,14,12,417,49,117,.419,21,56,.375,28,61,.459,.509,18,22,.818,3,55,58,67,16,5,26,42,137,0,,carlton-carrington,215,15.4,0.52,29.8,7.9
Cason Wallace,21,OKC,SG,16,8,412,43,107,.402,13,48,.271,30,59,.508,.463,3,3,1.000,12,40,52,31,27,8,7,35,102,0,,cason-wallace,178,11.1,0.43,25.8,4.8
Charles Bassey,24,SAS,C,9,0,87,13,22,.591,0,0,,13,22,.591,.591,5,8,.625,9,21,30,4,5,12,5,6,31,0,,charles-bassey,71,7.9,0.82,9.7,6.4
Chet Holmgren,22,OKC,C,10,10,265,56,111,.505,14,37,.378,42,74,.568,.568,38,49,.776,16,71,87,20,8,26,23,18,164,0,,chet-holmgren,264,26.4,1.0,26.5,26.3
Chris Boucher,32,TOR,PF,16,0,305,67,132,.508,21,63,.333,46,69,.667,.587,27,38,.711,19,56,75,10,8,14,11,19,182,0,,chris-boucher,259,16.2,0.85,19.1,13.7
Chris Duarte,27,CHI,SG,7,0,30,6,10,.600,3,7,.429,3,3,1.000,.750,6,8,.750,1,3,4,2,0,0,0,1,21,0,,chris-duarte,26,3.7,0.87,4.3,3.2
Chris Livingston,21,MIL,SF,2,0,2,1,2,.500,0,0,,1,2,.500,.500,0,0,,1,1,2,0,0,0,0,0,2,0,,chris-livingston,4,2.0,2.0,1.0,4.0
Chris Paul,39,SAS,PG,16,16,458,60,129,.465,32,84,.381,28,45,.622,.589,21,21,1.000,6,56,62,138,22,1,33,30,173,0,,chris-paul,333,20.8,0.73,28.6,15.1
Christian Braun,23,DEN,SG,14,14,488,83,149,.557,19,43,.442,64,106,.604,.621,42,54,.778,20,54,74,25,19,10,18,35,227,0,,christian-braun,302,21.6,0.62,34.9,13.3
Christian Koloko,24,LAL,C,7,0,73,8,11,.727,0,1,.000,8,10,.800,.727,2,2,1.000,6,8,14,3,2,3,4,8,18,0,,christian-koloko,28,4.0,0.38,10.4,1.5
CJ McCollum,33,NOP,PG,4,4,137,29,65,.446,13,34,.382,16,31,.516,.546,4,6,.667,1,13,14,16,9,4,8,6,75,0,,cj-mccollum,104,26.0,0.76,34.2,19.7
Clint Capela,30,ATL,C,17,17,386,87,140,.621,0,0,,87,140,.621,.621,24,44,.545,57,87,144,22,8,13,15,34,198,0,,clint-capela,336,19.8,0.87,22.7,17.2
Coby White,24,CHI,SG,17,17,563,110,247,.445,59,155,.381,51,92,.554,.565,53,60,.883,4,54,58,82,22,4,44,43,332,0,,coby-white,411,24.2,0.73,33.1,17.6
Cody Martin,29,CHO,SF,15,3,378,50,104,.481,22,51,.431,28,53,.528,.587,15,22,.682,18,47,65,29,15,10,15,32,137,0,,cody-martin,209,13.9,0.55,25.2,7.7
Cody Williams,20,UTA,SG,15,7,290,18,64,.281,7,35,.200,11,29,.379,.336,6,10,.600,8,27,35,19,7,5,11,20,49,0,,cody-williams,84,5.6,0.29,19.3,1.6
Colby Jones,22,SAC,SG,8,0,21,4,6,.667,2,3,.667,2,3,.667,.833,0,0,,1,2,3,1,0,1,2,3,10,0,,colby-jones,10,1.2,0.48,2.6,0.6
Cole Anthony,24,ORL,PG,15,0,138,18,51,.353,6,24,.250,12,27,.444,.412,14,22,.636,4,24,28,24,8,1,17,17,56,0,,cole-anthony,83,5.5,0.6,9.2,3.3
Colin Castleton,24,MEM,C,6,0,14,0,1,.000,0,1,.000,0,0,,.000,4,4,1.000,0,5,5,0,0,1,0,2,4,0,,colin-castleton,8,1.3,0.57,2.3,0.8
Collin Gillespie,25,PHO,PG,1,0,3,1,2,.500,1,1,1.000,0,1,.000,.750,0,0,,0,0,0,0,0,0,0,0,3,0,,collin-gillespie,3,3.0,1.0,3.0,3.0
Collin Sexton,26,UTA,SG,15,13,399,78,171,.456,24,57,.421,54,114,.474,.526,59,67,.881,11,29,40,44,12,2,38,42,239,0,,collin-sexton,257,17.1,0.64,26.6,11.0
Corey Kispert,25,WAS,SF,14,0,403,55,135,.407,28,84,.333,27,51,.529,.511,18,22,.818,4,41,45,23,9,1,14,24,156,0,,corey-kispert,196,14.0,0.49,28.8,6.8
Cory Joseph,33,ORL,PG,10,0,36,4,14,.286,4,11,.364,0,3,.000,.429,0,0,,2,6,8,7,1,2,1,3,12,0,,cory-joseph,26,2.6,0.72,3.6,1.9
Craig Porter Jr.,24,CLE,PG,12,0,131,16,28,.571,5,10,.500,11,18,.611,.661,3,4,.750,1,13,14,20,4,6,7,7,40,0,,craig-porter,70,5.8,0.53,10.9,3.1
Dalano Banton,25,POR,PG,14,0,206,47,109,.431,17,43,.395,30,66,.455,.509,25,37,.676,4,24,28,33,14,10,22,14,136,0,,dalano-banton,185,13.2,0.9,14.7,11.9
Dalen Terry,22,CHI,SG,17,0,234,27,55,.491,8,18,.444,19,37,.514,.564,21,27,.778,14,15,29,19,13,6,17,24,83,0,,dalen-terry,109,6.4,0.47,13.8,3.0
Dalton Knecht,23,LAL,SF,15,5,341,64,123,.520,35,76,.461,29,47,.617,.663,12,13,.923,7,32,39,17,7,0,6,20,175,0,,dalton-knecht,212,14.1,0.62,22.7,8.8
Damian Lillard,34,MIL,PG,13,13,466,100,232,.431,37,116,.319,63,116,.543,.511,85,93,.914,9,51,60,99,11,2,37,24,322,0,,damian-lillard,433,33.3,0.93,35.8,30.9
Damion Lee,32,PHO,SG,4,0,37,4,14,.286,1,9,.111,3,5,.600,.321,6,6,1.000,0,5,5,5,2,0,3,1,15,0,,damion-lee,23,5.8,0.62,9.2,3.6
D'Angelo Russell,28,LAL,PG,15,8,413,61,156,.391,25,84,.298,36,72,.500,.471,25,27,.926,5,29,34,75,15,3,25,29,172,0,,dangelo-russell,245,16.3,0.59,27.5,9.7
Daniel Gafford,26,DAL,C,16,11,335,85,120,.708,0,0,,85,120,.708,.708,31,46,.674,48,55,103,16,9,19,14,47,201,0,,daniel-gafford,287,17.9,0.86,20.9,15.4
Daniel Theis,32,NOP,C,12,6,176,17,41,.415,3,13,.231,14,28,.500,.451,6,8,.750,9,35,44,17,3,10,8,17,43,0,,daniel-theis,92,7.7,0.52,14.7,4.0
Daniss Jenkins,23,DET,PG,2,0,5,0,2,.000,0,2,.000,0,0,,.000,0,0,,0,0,0,0,0,0,0,1,0,0,,daniss-jenkins,-1,-0.5,-0.2,2.5,0.1
Dario Šarić,30,DEN,C,9,3,132,12,39,.308,5,18,.278,7,21,.333,.372,5,6,.833,9,25,34,10,6,0,10,14,34,0,,dario-saric,60,6.7,0.45,14.7,3.0
Dariq Whitehead,20,BRK,SF,1,0,2,0,0,,0,0,,0,0,,,0,0,,0,1,1,0,0,0,2,0,0,0,,dariq-whitehead,-1,-1.0,-0.5,2.0,0.5
Darius Garland,25,CLE,PG,16,16,484,120,244,.492,46,107,.430,74,137,.540,.586,43,46,.935,8,30,38,112,19,5,42,37,329,0,,darius-garland,424,26.5,0.88,30.2,23.2
David Duke Jr.,25,SAS,SG,1,0,8,1,4,.250,0,1,.000,1,3,.333,.250,1,2,.500,0,0,0,2,0,0,0,1,3,0,,david-duke,4,4.0,0.5,8.0,2.0
David Roddy,23,ATL,PF,12,1,200,27,47,.574,10,23,.435,17,24,.708,.681,11,13,.846,4,35,39,19,6,2,13,11,75,0,,david-roddy,117,9.8,0.58,16.7,5.7
Davion Mitchell,26,TOR,PG,16,12,466,49,119,.412,15,53,.283,34,66,.515,.475,16,22,.727,9,34,43,96,15,4,35,47,129,0,,davion-mitchell,205,12.8,0.44,29.1,5.6
De'Aaron Fox,27,SAC,PG,16,16,604,168,332,.506,34,100,.340,134,232,.578,.557,91,109,.835,16,66,82,92,27,2,58,43,461,0,,deaaron-fox,563,35.2,0.93,37.8,32.8
Dean Wade,28,CLE,PF,13,7,285,24,61,.393,18,51,.353,6,10,.600,.541,5,12,.417,8,46,54,20,13,5,4,22,71,0,,dean-wade,137,10.5,0.48,21.9,5.1
Deandre Ayton,26,POR,C,11,11,322,68,131,.519,5,13,.385,63,118,.534,.538,5,8,.625,33,83,116,11,10,5,16,22,146,0,,deandre-ayton,250,22.7,0.78,29.3,17.6
De'Andre Hunter,27,ATL,SF,6,2,159,35,76,.461,12,33,.364,23,43,.535,.539,24,27,.889,5,21,26,7,7,2,4,20,106,0,,deandre-hunter,124,20.7,0.78,26.5,16.1
DeAndre Jordan,36,DEN,C,5,0,47,9,17,.529,0,0,,9,17,.529,.529,1,4,.250,10,8,18,2,1,1,5,6,19,0,,deandre-jordan,30,6.0,0.64,9.4,3.8
De'Anthony Melton,26,GSW,SG,6,2,121,22,54,.407,13,35,.371,9,19,.474,.528,5,8,.625,6,14,20,17,7,2,10,18,62,0,,deanthony-melton,80,13.3,0.66,20.2,8.8
Dejounte Murray,28,NOP,PG,1,1,30,4,15,.267,0,3,.000,4,12,.333,.267,6,7,.857,0,8,8,10,1,0,1,0,14,0,,dejounte-murray,32,32.0,1.07,30.0,34.1
Delon Wright,32,MIL,PG,13,2,221,13,39,.333,6,25,.240,7,14,.500,.410,3,6,.500,6,15,21,25,11,5,5,9,35,0,,delon-wright,83,6.4,0.38,17.0,2.4
DeMar DeRozan,35,SAC,SF,13,13,474,108,213,.507,10,30,.333,98,183,.536,.531,65,79,.823,7,48,55,51,21,9,25,18,291,0,,demar-derozan,384,29.5,0.81,36.5,23.9
Deni Avdija,24,POR,SF,16,10,396,49,134,.366,14,53,.264,35,81,.432,.418,49,62,.790,21,71,92,45,16,12,32,29,161,0,,deni-avdija,265,16.6,0.67,24.8,11.1
Dennis Schröder,31,BRK,PG,16,16,549,95,212,.448,42,103,.408,53,109,.486,.547,43,51,.843,2,46,48,104,19,3,38,39,275,0,,dennis-schroder,372,23.2,0.68,34.3,15.8
Dereck Lively II,20,DAL,C,12,5,267,44,62,.710,0,0,,44,62,.710,.710,18,32,.563,32,49,81,25,8,18,14,39,106,0,,dereck-lively,185,15.4,0.69,22.2,10.7
Derrick Jones Jr.,27,LAC,SF,17,17,444,66,137,.482,24,57,.421,42,80,.525,.569,19,22,.864,24,38,62,16,22,4,18,39,175,0,,derrick-jones,222,13.1,0.5,26.1,6.5
Derrick White,30,BOS,SG,16,16,559,102,220,.464,59,146,.404,43,74,.581,.598,31,36,.861,18,53,71,68,12,18,24,38,294,0,,derrick-white,401,25.1,0.72,34.9,18.0
Desmond Bane,26,MEM,SG,9,8,252,56,125,.448,20,59,.339,36,66,.545,.528,17,21,.810,8,51,59,34,9,5,20,24,149,0,,desmond-bane,212,23.6,0.84,28.0,19.8
Devin Booker,28,PHO,SG,16,16,588,126,288,.438,41,121,.339,85,167,.509,.509,93,105,.886,21,38,59,103,16,7,33,35,386,0,,devin-booker,503,31.4,0.86,36.8,26.9
Devin Vassell,24,SAS,SG,4,0,90,22,49,.449,10,27,.370,12,22,.545,.551,11,11,1.000,1,4,5,14,2,2,7,9,65,0,,devin-vassell,72,18.0,0.8,22.5,14.4
Dillon Brooks,29,HOU,SF,17,17,510,78,187,.417,36,91,.396,42,96,.438,.513,21,26,.808,22,38,60,22,11,3,14,52,213,0,,dillon-brooks,243,14.3,0.48,30.0,6.8
Dillon Jones,23,OKC,SF,15,0,126,14,41,.341,4,23,.174,10,18,.556,.390,3,6,.500,13,19,32,11,3,1,7,16,35,0,,dillon-jones,59,3.9,0.47,8.4,1.8
D.J. Carton,24,TOR,SG,4,0,33,1,7,.143,0,3,.000,1,4,.250,.143,1,1,1.000,0,4,4,3,2,0,4,1,3,0,,dj-carton,7,1.8,0.21,8.2,0.4
Domantas Sabonis,28,SAC,C,14,14,514,109,173,.630,14,35,.400,95,138,.688,.671,54,63,.857,39,139,178,90,9,7,50,50,286,3,,domantas-sabonis,470,33.6,0.91,36.7,30.7
Dominick Barlow,21,ATL,SF,2,0,11,0,1,.000,0,0,,0,1,.000,.000,1,2,.500,0,0,0,0,0,0,0,1,1,0,,dominick-barlow,0,0.0,0.0,5.5,0.0
Donovan Clingan,20,POR,C,16,5,264,40,72,.556,3,9,.333,37,63,.587,.576,16,22,.727,45,50,95,4,8,34,16,46,99,0,,donovan-clingan,178,11.1,0.67,16.5,7.5
Donovan Mitchell,28,CLE,SG,16,16,496,139,299,.465,57,142,.401,82,157,.522,.560,54,65,.831,9,62,71,62,23,4,30,35,389,0,,donovan-mitchell,484,30.2,0.98,31.0,29.5
Donte DiVincenzo,28,MIN,SG,15,0,389,48,138,.348,35,108,.324,13,30,.433,.475,11,14,.786,6,41,47,50,21,4,26,29,142,0,,donte-divincenzo,209,13.9,0.54,25.9,7.5
Dorian Finney-Smith,31,BRK,PF,14,14,403,54,116,.466,32,78,.410,22,38,.579,.603,11,18,.611,27,36,63,25,13,8,15,45,151,0,,dorian-finney-smith,200,14.3,0.5,28.8,7.1
Doug McDermott,33,SAC,SF,12,2,125,14,41,.341,11,34,.324,3,7,.429,.476,3,5,.600,0,11,11,3,2,1,1,13,42,0,,doug-mcdermott,45,3.8,0.36,10.4,1.4
Draymond Green,34,GSW,PF,15,15,423,44,97,.454,24,53,.453,20,44,.455,.577,26,41,.634,13,77,90,85,16,15,34,49,138,0,,draymond-green,261,17.4,0.62,28.2,10.7
Drew Eubanks,27,UTA,C,12,0,179,23,36,.639,1,3,.333,22,33,.667,.653,9,15,.600,17,34,51,14,3,8,9,16,56,0,,drew-eubanks,107,8.9,0.6,14.9,5.3
Drew Peterson,25,BOS,PF,3,0,7,0,1,.000,0,1,.000,0,0,,.000,0,0,,0,1,1,1,1,2,1,0,0,0,,drew-peterson,4,1.3,0.57,2.3,0.8
Dru Smith,27,MIA,SG,5,0,52,6,13,.462,2,5,.400,4,8,.500,.538,0,0,,2,11,13,5,3,4,3,4,14,0,,dru-smith,32,6.4,0.62,10.4,3.9
Duncan Robinson,30,MIA,SF,12,1,243,43,112,.384,30,82,.366,13,30,.433,.518,6,7,.857,4,22,26,22,7,3,9,23,122,0,,duncan-robinson,148,12.3,0.61,20.2,7.5
Duop Reath,28,POR,C,8,0,39,4,16,.250,2,11,.182,2,5,.400,.313,0,0,,3,3,6,2,0,1,1,5,10,0,,duop-reath,13,1.6,0.33,4.9,0.5
Dwight Powell,33,DAL,C,13,0,116,6,8,.750,0,0,,6,8,.750,.750,13,18,.722,9,17,26,9,5,7,5,21,25,0,,dwight-powell,46,3.5,0.4,8.9,1.4
Dyson Daniels,21,ATL,SG,15,15,504,90,201,.448,19,63,.302,71,138,.514,.495,14,23,.609,24,50,74,48,48,14,30,41,213,0,,dyson-daniels,326,21.7,0.65,33.6,14.1
E.J. Liddell,24,CHI,PF,2,0,2,0,0,,0,0,,0,0,,,0,0,,0,0,0,0,0,0,0,0,0,0,,ej-liddell,0,0.0,0.0,1.0,0.0
Elfrid Payton,30,NOP,PG,2,2,48,7,14,.500,0,1,.000,7,13,.538,.500,1,2,.500,1,7,8,12,3,0,6,4,15,0,,elfrid-payton,28,14.0,0.58,24.0,8.2
Enrique Freeman,24,IND,PF,9,1,88,5,13,.385,1,4,.250,4,9,.444,.423,4,8,.500,3,7,10,5,2,1,3,14,15,0,,enrique-freeman,16,1.8,0.18,9.8,0.3
Eric Gordon,36,PHI,SG,13,1,231,21,65,.323,9,37,.243,12,28,.429,.392,17,22,.773,2,11,13,18,6,5,13,11,68,0,,eric-gordon,86,6.6,0.37,17.8,2.5
Evan Mobley,23,CLE,PF,16,16,485,111,197,.563,11,29,.379,100,168,.595,.591,52,62,.839,34,107,141,40,14,25,37,33,285,0,,evan-mobley,435,27.2,0.9,30.3,24.4
Franz Wagner,23,ORL,SF,17,17,542,146,309,.472,36,103,.350,110,206,.534,.531,66,77,.857,15,80,95,92,29,4,35,40,394,0,,franz-wagner,539,31.7,0.99,31.9,31.5
Fred VanVleet,30,HOU,PG,16,16,548,85,213,.399,36,112,.321,49,101,.485,.484,33,42,.786,10,58,68,99,30,6,17,38,239,0,,fred-vanvleet,387,24.2,0.71,34.2,17.1
Gabe Vincent,28,LAL,PG,15,0,268,16,57,.281,7,36,.194,9,21,.429,.342,2,4,.500,4,11,15,8,10,0,7,24,41,0,,gabe-vincent,43,2.9,0.16,17.9,0.5
Garrett Temple,38,TOR,SG,5,0,24,2,5,.400,1,2,.500,1,3,.333,.500,0,0,,1,3,4,5,3,1,1,6,5,0,,garrett-temple,11,2.2,0.46,4.8,1.0
Garrison Mathews,28,ATL,SG,16,1,309,42,92,.457,36,76,.474,6,16,.375,.652,23,26,.885,3,15,18,26,12,3,7,28,143,0,,garrison-mathews,167,10.4,0.54,19.3,5.6
Gary Harris,30,ORL,SG,15,1,257,21,56,.375,15,43,.349,6,13,.462,.509,2,3,.667,8,13,21,7,6,5,6,10,59,0,,gary-harris,82,5.5,0.32,17.1,1.7
Gary Payton II,32,GSW,PG,15,2,176,30,48,.625,2,12,.167,28,36,.778,.646,5,8,.625,12,16,28,16,11,4,8,19,67,0,,gary-payton,99,6.6,0.56,11.7,3.7
Gary Trent Jr.,26,MIL,SG,14,7,355,39,103,.379,27,72,.375,12,31,.387,.510,15,16,.938,1,24,25,12,13,0,8,32,120,0,,gary-trent,130,9.3,0.37,25.4,3.4
Georges Niang,31,CLE,PF,17,1,339,57,118,.483,30,79,.380,27,39,.692,.610,4,5,.800,10,49,59,20,8,4,15,39,148,0,,georges-niang,185,10.9,0.55,19.9,5.9
Giannis Antetokounmpo,30,MIL,PF,15,15,529,197,321,.614,2,11,.182,195,310,.629,.617,90,151,.596,32,148,180,96,9,21,48,45,486,2,,giannis-antetokounmpo,699,46.6,1.32,35.3,61.6
Goga Bitadze,25,ORL,C,13,10,277,45,65,.692,0,6,.000,45,59,.763,.692,13,17,.765,35,57,92,21,7,17,18,32,103,0,,goga-bitadze,190,14.6,0.69,21.3,10.0
Gradey Dick,21,TOR,SG,16,16,529,97,230,.422,37,108,.343,60,122,.492,.502,59,65,.908,9,39,48,37,15,5,30,35,290,0,,gradey-dick,330,20.6,0.62,33.1,12.9
Grant Williams,26,CHO,PF,15,6,447,52,117,.444,25,71,.352,27,46,.587,.551,29,35,.829,18,57,75,35,17,12,27,43,158,0,,grant-williams,227,15.1,0.51,29.8,7.7
Grayson Allen,29,PHO,SG,12,0,262,38,101,.376,28,80,.350,10,21,.476,.515,20,26,.769,6,23,29,12,7,4,16,16,124,0,,grayson-allen,144,12.0,0.55,21.8,6.6
Guerschon Yabusele,29,PHI,PF,15,2,327,52,108,.481,25,59,.424,27,49,.551,.597,11,18,.611,25,53,78,28,11,7,19,42,140,0,,guerschon-yabusele,203,13.5,0.62,21.8,8.4
Gui Santos,22,GSW,PF,6,0,22,2,5,.400,1,3,.333,1,2,.500,.500,1,2,.500,1,5,6,2,0,0,2,3,6,0,,gui-santos,9,1.5,0.41,3.7,0.6
Harrison Barnes,32,SAS,PF,16,16,464,58,117,.496,23,54,.426,35,63,.556,.594,35,44,.795,28,44,72,24,5,3,12,11,174,0,,harrison-barnes,255,15.9,0.55,29.0,8.8
Harrison Ingram,22,SAS,SF,1,0,7,0,1,.000,0,0,,0,1,.000,.000,0,0,,0,1,1,0,0,0,0,1,0,0,,harrison-ingram,0,0.0,0.0,7.0,0.0
Haywood Highsmith,28,MIA,SF,11,5,274,33,59,.559,13,29,.448,20,30,.667,.669,7,11,.636,8,24,32,9,15,5,7,21,86,0,,haywood-highsmith,119,10.8,0.43,24.9,4.7
Herbert Jones,26,NOP,SF,4,4,113,12,25,.480,2,11,.182,10,14,.714,.520,1,2,.500,4,6,10,4,7,1,5,9,27,0,,herbert-jones,35,8.8,0.31,28.2,2.7
Hunter Tyson,24,DEN,PF,9,0,81,7,17,.412,1,9,.111,6,8,.750,.441,3,3,1.000,2,11,13,4,2,1,3,11,18,0,,hunter-tyson,24,2.7,0.3,9.0,0.8
Immanuel Quickley,25,TOR,PG,3,3,68,16,42,.381,6,16,.375,10,26,.385,.452,8,9,.889,1,5,6,12,2,0,4,7,46,0,,immanuel-quickley,55,18.3,0.81,22.7,14.8
Isaac Jones,24,SAC,PF,7,0,25,4,6,.667,0,0,,4,6,.667,.667,2,2,1.000,1,2,3,0,0,1,2,6,10,0,,isaac-jones,6,0.9,0.24,3.6,0.2
Isaac Okoro,24,CLE,SG,15,8,303,32,65,.492,16,36,.444,16,29,.552,.615,8,13,.615,11,20,31,23,12,5,4,30,88,0,,isaac-okoro,125,8.3,0.41,20.2,3.4
Isaiah Collier,20,UTA,PG,8,1,151,13,34,.382,1,14,.071,12,20,.600,.397,5,10,.500,1,17,18,26,9,2,20,14,32,0,,isaiah-collier,53,6.6,0.35,18.9,2.3
Isaiah Hartenstein,26,OKC,C,1,0,29,6,12,.500,0,0,,6,12,.500,.500,1,2,.500,5,9,14,3,0,4,3,1,13,0,,isaiah-hartenstein,30,30.0,1.03,29.0,31.0
Isaiah Jackson,23,IND,C,5,1,84,14,23,.609,0,0,,14,23,.609,.609,7,14,.500,11,17,28,5,3,8,5,14,35,0,,isaiah-jackson,60,12.0,0.71,16.8,8.6
Isaiah Joe,25,OKC,SG,14,7,310,44,108,.407,32,88,.364,12,20,.600,.556,6,8,.750,10,34,44,24,10,4,4,28,126,0,,isaiah-joe,176,12.6,0.57,22.1,7.1
Isaiah Stewart,23,DET,C,17,2,382,45,75,.600,3,10,.300,42,65,.646,.620,22,26,.846,45,74,119,34,9,22,20,53,115,0,,isaiah-stewart,226,13.3,0.59,22.5,7.9
Ivica Zubac,27,LAC,C,17,17,573,112,194,.577,0,0,,112,194,.577,.577,33,57,.579,72,141,213,42,12,19,40,44,257,0,,ivica-zubac,459,27.0,0.8,33.7,21.6
Ja Morant,25,MEM,PG,8,8,223,56,125,.448,8,31,.258,48,94,.511,.480,45,54,.833,4,36,40,73,5,2,34,14,165,1,,ja-morant,237,29.6,1.06,27.9,31.5
Jabari Smith Jr.,21,HOU,PF,17,17,472,69,162,.426,24,76,.316,45,86,.523,.500,34,39,.872,35,76,111,13,6,7,10,36,196,0,,jabari-smith,287,16.9,0.61,27.8,10.3
Jabari Walker,22,POR,SF,12,0,104,11,30,.367,2,10,.200,9,20,.450,.400,7,8,.875,9,21,30,5,3,1,7,12,31,0,,jabari-walker,51,4.2,0.49,8.7,2.1
Jack McVeigh,28,HOU,PF,6,0,21,3,11,.273,2,8,.250,1,3,.333,.364,0,0,,1,3,4,1,0,1,1,1,8,0,,jack-mcveigh,12,2.0,0.57,3.5,1.1
Jacob Toppin,24,NYK,SF,5,0,14,1,2,.500,0,1,.000,1,1,1.000,.500,0,0,,0,2,2,2,0,0,0,0,2,0,,jacob-toppin,6,1.2,0.43,2.8,0.5
Jaden Hardy,22,DAL,SG,15,0,214,32,82,.390,10,37,.270,22,45,.489,.451,12,13,.923,4,16,20,21,7,1,18,21,86,0,,jaden-hardy,96,6.4,0.45,14.3,2.9
Jaden Ivey,22,DET,SG,16,16,509,103,237,.435,28,78,.359,75,159,.472,.494,54,74,.730,24,48,72,69,14,8,48,47,288,0,,jaden-ivey,356,22.2,0.7,31.8,15.6
Jaden McDaniels,24,MIN,PF,15,15,458,65,137,.474,18,57,.316,47,80,.588,.540,16,24,.667,19,37,56,27,21,14,18,54,164,0,,jaden-mcdaniels,210,14.0,0.46,30.5,6.4
Jaden Springer,22,BOS,PG,4,0,16,1,5,.200,0,2,.000,1,3,.333,.200,1,2,.500,2,2,4,1,2,0,1,1,3,0,,jaden-springer,8,2.0,0.5,4.0,1.0
Jae'Sean Tate,29,HOU,SF,8,0,39,7,12,.583,0,1,.000,7,11,.636,.583,4,7,.571,3,15,18,4,3,0,6,7,18,0,,jaesean-tate,30,3.8,0.77,4.9,2.9
Jaime Jaquez Jr.,23,MIA,SF,9,0,207,31,73,.425,7,18,.389,24,55,.436,.473,11,19,.579,16,38,54,25,10,1,16,18,80,0,,jaime-jaquez,136,15.1,0.66,23.0,9.9
Jake LaRavia,23,MEM,PF,16,0,399,50,101,.495,15,37,.405,35,64,.547,.569,27,40,.675,27,56,83,61,15,12,22,38,142,0,,jake-laravia,253,15.8,0.63,24.9,10.0
Jakob Poeltl,29,TOR,C,16,16,523,118,194,.608,0,0,,118,194,.608,.608,36,56,.643,69,121,190,42,18,20,41,58,272,0,,jakob-poeltl,443,27.7,0.85,32.7,23.5
Ja'Kobe Walter,20,TOR,SG,4,0,49,3,16,.188,1,6,.167,2,10,.200,.219,3,5,.600,4,7,11,3,0,1,0,8,10,0,,jakobe-walter,17,4.2,0.35,12.2,1.5
Jalen Bridges,23,PHO,SF,2,0,11,0,2,.000,0,2,.000,0,0,,.000,1,2,.500,0,1,1,0,0,0,2,0,1,0,,jalen-bridges,0,0.0,0.0,5.5,0.0
Jalen Brunson,28,NYK,PG,15,15,515,131,275,.476,38,94,.404,93,181,.514,.545,78,94,.830,7,36,43,110,9,0,35,33,378,0,,jalen-brunson,472,31.5,0.92,34.3,28.8
Jalen Duren,21,DET,C,15,15,372,56,75,.747,0,0,,56,75,.747,.747,20,38,.526,56,100,156,38,5,16,25,50,132,0,,jalen-duren,272,18.1,0.73,24.8,13.3
Jalen Green,22,HOU,SG,17,17,548,114,292,.390,45,141,.319,69,151,.457,.467,54,63,.857,10,74,84,47,15,5,44,34,327,0,,jalen-green,400,23.5,0.73,32.2,17.2
Jalen Hood-Schifino,21,LAL,SG,1,0,1,0,0,,0,0,,0,0,,,0,0,,0,0,0,0,0,0,0,0,0,0,,jalen-hood-schifino,0,0.0,0.0,1.0,0.0
Jalen Johnson,23,ATL,SF,16,16,584,120,253,.474,25,74,.338,95,179,.531,.524,46,63,.730,33,133,166,84,22,18,52,35,311,1,,jalen-johnson,514,32.1,0.88,36.5,28.3
Jalen Pickett,25,DEN,SG,2,0,4,0,1,.000,0,1,.000,0,0,,.000,0,0,,0,0,0,0,0,0,0,0,0,0,,jalen-pickett,0,0.0,0.0,2.0,0.0
Jalen Smith,24,CHI,C,15,0,213,40,88,.455,21,51,.412,19,37,.514,.574,16,22,.727,20,52,72,11,6,8,10,27,117,0,,jalen-smith,177,11.8,0.83,14.2,9.8
Jalen Suggs,23,ORL,PG,17,17,516,89,218,.408,38,121,.314,51,97,.526,.495,47,51,.922,11,68,79,64,25,20,48,43,263,0,,jalen-suggs,360,21.2,0.7,30.4,14.8
Jalen Williams,23,OKC,SG,16,16,521,140,271,.517,32,82,.390,108,189,.571,.576,36,44,.818,17,89,106,83,35,16,34,48,348,0,,jalen-williams,506,31.6,0.97,32.6,30.7
Jalen Wilson,24,BRK,PF,16,1,358,50,111,.450,19,58,.328,31,53,.585,.536,25,29,.862,20,35,55,28,5,0,15,32,144,0,,jalen-wilson,185,11.6,0.52,22.4,6.0
Jamal Cain,25,NOP,SF,12,0,183,19,44,.432,9,24,.375,10,20,.500,.534,9,14,.643,11,24,35,9,5,5,7,18,56,0,,jamal-cain,85,7.1,0.46,15.2,3.3
Jamal Murray,27,DEN,PG,11,11,402,69,174,.397,25,74,.338,44,100,.440,.468,34,40,.850,5,43,48,66,14,7,24,20,197,0,,jamal-murray,288,26.2,0.72,36.5,18.8
Jamal Shead,22,TOR,PG,16,0,243,30,81,.370,5,26,.192,25,55,.455,.401,9,12,.750,1,13,14,50,6,2,24,30,74,0,,jamal-shead,92,5.8,0.38,15.2,2.2
James Harden,35,LAC,PG,17,17,593,99,271,.365,42,135,.311,57,136,.419,.443,107,122,.877,11,118,129,149,27,16,75,38,347,1,,james-harden,555,32.6,0.94,34.9,30.6
James Johnson,37,IND,PF,3,0,10,2,4,.500,0,1,.000,2,3,.667,.500,0,0,,0,2,2,2,0,1,3,0,4,0,,james-johnson,6,2.0,0.6,3.3,1.2
James Wiseman,23,IND,C,1,0,5,2,4,.500,0,1,.000,2,3,.667,.500,2,2,1.000,0,1,1,0,0,0,0,0,6,0,,james-wiseman,7,7.0,1.4,5.0,9.8
Jamison Battle,23,TOR,SF,15,0,201,28,63,.444,19,46,.413,9,17,.529,.595,7,9,.778,10,22,32,12,0,2,5,20,82,0,,jamison-battle,103,6.9,0.51,13.4,3.5
Jarace Walker,21,IND,PF,16,1,270,32,76,.421,16,40,.400,16,36,.444,.526,12,18,.667,10,48,58,23,19,7,26,25,92,0,,jarace-walker,148,9.2,0.55,16.9,5.1
Jared Butler,24,WAS,SG,10,0,82,17,34,.500,1,5,.200,16,29,.552,.515,13,19,.684,2,5,7,24,6,2,3,8,48,0,,jared-butler,76,7.6,0.93,8.2,7.0
Jared McCain,20,PHI,SG,15,5,356,88,182,.484,38,89,.427,50,93,.538,.588,34,35,.971,9,26,35,41,9,0,19,22,248,0,,jared-mccain,292,19.5,0.82,23.7,16.0
Jared Rhoden,25,CHO,SG,4,0,12,2,8,.250,0,2,.000,2,6,.333,.250,0,0,,2,2,4,2,1,0,1,1,4,0,,jared-rhoden,9,2.2,0.75,3.0,1.7
Jaren Jackson Jr.,25,MEM,C,14,14,405,115,218,.528,26,73,.356,89,145,.614,.587,65,81,.802,18,62,80,15,19,24,32,45,321,0,,jaren-jackson,382,27.3,0.94,28.9,25.7
Jarrett Allen,26,CLE,C,17,17,502,98,143,.685,0,0,,98,143,.685,.685,48,63,.762,39,147,186,31,16,20,18,18,244,0,,jarrett-allen,461,27.1,0.92,29.5,24.9
Javonte Green,31,NOP,SG,17,7,404,39,90,.433,13,38,.342,26,52,.500,.506,24,28,.857,17,41,58,14,18,10,7,22,115,0,,javonte-green,186,10.9,0.46,23.8,5.0
Jaxson Hayes,24,LAL,C,10,1,175,24,34,.706,0,0,,24,34,.706,.706,15,19,.789,19,27,46,9,3,9,6,27,63,0,,jaxson-hayes,97,9.7,0.55,17.5,5.4
Jay Huff,26,MEM,C,16,1,230,52,95,.547,26,61,.426,26,34,.765,.684,16,19,.842,9,28,37,13,4,25,9,19,146,0,,jay-huff,197,12.3,0.86,14.4,10.5
Jaylen Brown,28,BOS,SF,12,12,443,104,244,.426,25,88,.284,79,156,.506,.477,71,92,.772,19,66,85,53,12,4,30,36,304,0,,jaylen-brown,392,32.7,0.88,36.9,28.9
Jaylen Martin,21,BRK,SF,2,0,3,1,1,1.000,1,1,1.000,0,0,,1.500,0,0,,0,0,0,0,0,0,0,1,3,0,,jaylen-martin,2,1.0,0.67,1.5,0.7
Jaylen Nowell,25,NOP,SG,8,0,168,26,73,.356,8,27,.296,18,46,.391,.411,7,11,.636,6,14,20,18,1,4,8,9,67,0,,jaylen-nowell,93,11.6,0.55,21.0,6.4
Jaylen Wells,21,MEM,SG,16,11,413,68,156,.436,27,72,.375,41,84,.488,.522,24,32,.750,14,35,49,25,6,5,19,25,187,0,,jaylen-wells,228,14.2,0.55,25.8,7.9
Jaylon Tyson,22,CLE,SG,7,1,63,9,18,.500,3,8,.375,6,10,.600,.583,2,4,.500,5,10,15,9,2,0,5,10,23,0,,jaylon-tyson,34,4.9,0.54,9.0,2.6
Jayson Tatum,26,BOS,PF,16,16,585,146,321,.455,65,175,.371,81,146,.555,.556,108,134,.806,7,124,131,97,23,8,47,42,465,0,,jayson-tatum,635,39.7,1.09,36.6,43.1
Jazian Gortman,21,DAL,PG,2,0,5,1,1,1.000,1,1,1.000,0,0,,1.500,0,0,,0,0,0,0,0,0,1,0,3,0,,jazian-gortman,2,1.0,0.4,2.5,0.4
JD Davison,22,BOS,PG,3,0,14,1,4,.250,0,2,.000,1,2,.500,.250,1,2,.500,0,1,1,1,1,0,4,1,3,0,,jd-davison,1,0.3,0.07,4.7,0.0
Jeenathan Williams,25,HOU,SG,3,0,10,3,4,.750,1,2,.500,2,2,1.000,.875,0,0,,0,3,3,0,1,0,0,0,7,0,,jeenathan-williams,11,3.7,1.1,3.3,4.0
Jeff Dowtin,27,PHI,PG,8,0,80,6,19,.316,1,8,.125,5,11,.455,.342,3,4,.750,2,6,8,9,3,0,1,5,16,0,,jeff-dowtin,30,3.8,0.38,10.0,1.4
Jeff Green,38,HOU,PF,7,0,40,7,13,.538,3,8,.375,4,5,.800,.654,0,0,,0,4,4,1,2,0,2,2,17,0,,jeff-green,20,2.9,0.5,5.7,1.4
Jerami Grant,30,POR,PF,16,16,528,84,221,.380,36,105,.343,48,116,.414,.462,52,64,.813,6,50,56,36,15,18,24,32,256,0,,jerami-grant,325,20.3,0.62,33.0,12.5
Jeremiah Robinson-Earl,24,NOP,PF,17,4,354,48,109,.440,15,46,.326,33,63,.524,.509,20,23,.870,39,47,86,19,12,1,14,23,131,0,,jeremiah-robinson-earl,212,12.5,0.6,20.8,7.5
Jeremy Sochan,21,SAS,PF,7,7,205,44,86,.512,3,12,.250,41,74,.554,.529,17,25,.680,17,37,54,21,7,3,16,21,108,0,,jeremy-sochan,156,22.3,0.76,29.3,17.0
Jericho Sims,26,NYK,C,15,1,207,15,20,.750,0,0,,15,20,.750,.750,1,3,.333,23,41,64,10,2,6,8,24,31,0,,jericho-sims,81,5.4,0.39,13.8,2.1
Jett Howard,21,ORL,SF,16,0,145,23,56,.411,17,45,.378,6,11,.545,.563,2,2,1.000,3,14,17,6,1,6,6,15,65,0,,jett-howard,74,4.6,0.51,9.1,2.4
Jevon Carter,29,CHI,PG,6,0,37,5,17,.294,3,11,.273,2,6,.333,.382,0,0,,1,4,5,4,3,0,1,1,13,0,,jevon-carter,23,3.8,0.62,6.2,2.4
Jimmy Butler,35,MIA,PF,9,9,278,51,102,.500,3,14,.214,48,88,.545,.515,54,69,.783,26,22,48,44,13,2,14,14,159,0,,jimmy-butler,238,26.4,0.86,30.9,22.6
Jock Landale,29,HOU,C,12,0,132,20,43,.465,3,5,.600,17,38,.447,.500,9,15,.600,18,21,39,12,2,5,5,13,52,0,,jock-landale,92,7.7,0.7,11.0,5.3
Joe Ingles,37,MIN,SF,7,0,26,0,2,.000,0,2,.000,0,0,,.000,0,0,,2,0,2,9,0,0,1,5,0,0,,joe-ingles,5,0.7,0.19,3.7,0.1
Joel Embiid,30,PHI,C,4,4,125,22,58,.379,3,18,.167,19,40,.475,.405,32,32,1.000,5,25,30,14,2,4,13,11,79,0,,joel-embiid,105,26.2,0.84,31.2,22.0
John Collins,27,UTA,PF,15,6,414,103,194,.531,15,43,.349,88,151,.583,.570,43,44,.977,39,85,124,39,21,11,38,48,264,0,,john-collins,373,24.9,0.9,27.6,22.4
John Konchar,28,MEM,SG,8,0,122,6,16,.375,4,14,.286,2,2,1.000,.500,3,4,.750,8,20,28,8,5,5,4,7,19,0,,john-konchar,54,6.8,0.44,15.2,3.0
Johnny Davis,22,WAS,SG,11,0,82,12,26,.462,2,4,.500,10,22,.455,.500,1,2,.500,4,10,14,2,3,1,1,9,27,0,,johnny-davis,37,3.4,0.45,7.5,1.5
Johnny Furphy,20,IND,SG,8,0,74,7,19,.368,2,8,.250,5,11,.455,.421,3,3,1.000,5,6,11,3,2,1,5,3,19,0,,johnny-furphy,28,3.5,0.38,9.2,1.3
Johnny Juzang,23,UTA,SG,11,0,165,19,47,.404,12,34,.353,7,13,.538,.532,10,10,1.000,5,13,18,8,6,2,5,21,60,0,,johnny-juzang,68,6.2,0.41,15.0,2.5
Jonas Valančiūnas,32,WAS,C,14,2,281,70,123,.569,2,6,.333,68,117,.581,.577,33,35,.943,36,75,111,31,5,11,25,23,175,0,,jonas-valanciunas,285,20.4,1.01,20.1,20.6
Jonathan Isaac,27,ORL,PF,14,0,233,33,69,.478,11,36,.306,22,33,.667,.558,11,18,.611,25,40,65,4,10,17,7,19,88,0,,jonathan-isaac,158,11.3,0.68,16.6,7.7
Jonathan Kuminga,22,GSW,PF,15,3,340,73,164,.445,15,49,.306,58,115,.504,.491,38,62,.613,18,46,64,28,15,7,22,25,199,0,,jonathan-kuminga,266,17.7,0.78,22.7,13.9
Jonathan Mogbo,23,TOR,PF,16,1,251,27,57,.474,1,7,.143,26,50,.520,.482,20,29,.690,39,29,68,25,14,7,13,34,75,0,,jonathan-mogbo,142,8.9,0.57,15.7,5.0
Jordan Clarkson,32,UTA,SG,12,2,313,66,165,.400,22,80,.275,44,85,.518,.467,37,46,.804,8,38,46,44,11,1,22,17,191,0,,jordan-clarkson,254,21.2,0.81,26.1,17.2
Jordan Hawkins,22,NOP,SG,9,3,262,44,112,.393,20,57,.351,24,55,.436,.482,28,31,.903,5,32,37,11,2,4,13,12,136,0,,jordan-hawkins,165,18.3,0.63,29.1,11.5
Jordan McLaughlin,28,SAC,PG,13,0,124,12,29,.414,6,16,.375,6,13,.462,.517,8,10,.800,3,13,16,15,6,0,6,8,38,0,,jordan-mclaughlin,61,4.7,0.49,9.5,2.3
Jordan Miller,25,LAC,SF,6,0,59,9,23,.391,2,7,.286,7,16,.438,.435,13,15,.867,5,4,9,4,3,0,4,4,33,0,,jordan-miller,41,6.8,0.69,9.8,4.7
Jordan Poole,25,WAS,SG,14,14,422,101,220,.459,47,106,.443,54,114,.474,.566,48,54,.889,4,28,32,68,26,7,45,50,297,0,,jordan-poole,335,23.9,0.79,30.1,19.0
Jordan Walsh,20,BOS,PF,13,0,113,6,21,.286,4,17,.235,2,4,.500,.381,0,1,.000,4,9,13,3,4,4,2,9,16,0,,jordan-walsh,29,2.2,0.26,8.7,0.6
Jose Alvarado,26,NOP,PG,11,7,282,40,101,.396,24,60,.400,16,41,.390,.515,14,17,.824,6,18,24,49,17,3,14,26,118,0,,jose-alvarado,171,15.5,0.61,25.6,9.4
Josh Giddey,22,CHI,PG,17,17,470,77,180,.428,22,62,.355,55,118,.466,.489,30,44,.682,24,81,105,110,11,5,41,28,206,0,,josh-giddey,368,21.6,0.78,27.6,16.9
Josh Green,24,CHO,SG,13,12,322,29,61,.475,19,34,.559,10,27,.370,.631,7,11,.636,8,22,30,23,8,4,11,35,84,0,,josh-green,103,7.9,0.32,24.8,2.5
Josh Hart,29,NYK,SG,15,15,559,81,136,.596,19,54,.352,62,82,.756,.665,30,35,.857,26,109,135,88,16,3,28,33,211,1,,josh-hart,392,26.1,0.7,37.3,18.3
Josh Minott,22,MIN,SF,6,0,42,4,8,.500,0,4,.000,4,4,1.000,.500,1,2,.500,0,4,4,1,0,2,3,8,9,0,,josh-minott,5,0.8,0.12,7.0,0.1
Josh Okogie,26,PHO,SG,8,1,154,30,55,.545,9,18,.500,21,37,.568,.627,12,18,.667,14,21,35,6,9,1,9,10,81,0,,josh-okogie,113,14.1,0.73,19.2,10.4
Josh Richardson,31,MIA,SG,8,0,150,11,38,.289,6,22,.273,5,16,.313,.368,4,4,1.000,6,6,12,12,8,1,8,17,32,0,,josh-richardson,40,5.0,0.27,18.8,1.3
Jrue Holiday,34,BOS,PG,15,15,457,68,139,.489,29,75,.387,39,64,.609,.594,28,31,.903,13,48,61,57,11,4,24,20,193,0,,jrue-holiday,282,18.8,0.62,30.5,11.6
JT Thor,22,CLE,PF,2,0,14,5,5,1.000,2,2,1.000,3,3,1.000,1.200,2,2,1.000,0,2,2,0,2,2,2,2,14,0,,jt-thor,16,8.0,1.14,7.0,9.1
Julian Champagnie,23,SAS,SF,16,16,456,63,146,.432,37,103,.359,26,43,.605,.558,15,18,.833,14,70,84,28,13,9,19,24,178,0,,julian-champagnie,269,16.8,0.59,28.5,9.9
Julian Phillips,21,CHI,SF,17,0,229,25,61,.410,12,38,.316,13,23,.565,.508,9,16,.563,11,22,33,7,13,2,8,25,71,0,,julian-phillips,93,5.5,0.41,13.5,2.2
Julian Strawther,22,DEN,SG,14,0,295,43,101,.426,19,51,.373,24,50,.480,.520,21,27,.778,5,27,32,18,14,6,13,38,126,0,,julian-strawther,145,10.4,0.49,21.1,5.1
Julius Randle,30,MIN,PF,15,15,515,110,219,.502,27,74,.365,83,145,.572,.564,79,97,.814,29,71,100,65,11,1,45,37,326,0,,julius-randle,421,28.1,0.82,34.3,22.9
Justin Champagnie,23,WAS,SF,2,0,5,0,0,,0,0,,0,0,,,0,0,,1,1,2,1,0,0,0,3,0,0,,justin-champagnie,0,0.0,0.0,2.5,0.0
Jusuf Nurkić,30,PHO,C,14,14,341,40,99,.404,13,43,.302,27,56,.482,.470,32,49,.653,27,113,140,17,14,9,36,41,125,0,,jusuf-nurkic,228,16.3,0.67,24.4,10.9
Kai Jones,24,LAC,C,11,0,88,10,14,.714,0,0,,10,14,.714,.714,3,5,.600,10,11,21,3,0,7,5,9,23,0,,kai-jones,40,3.6,0.45,8.0,1.7
Karl-Anthony Towns,29,NYK,C,14,14,462,135,245,.551,37,74,.500,98,171,.573,.627,68,80,.850,39,132,171,41,11,10,26,47,375,0,,karl-anthony-towns,535,38.2,1.16,33.0,44.3
Karlo Matković,23,NOP,PF,4,0,30,2,3,.667,0,0,,2,3,.667,.667,0,0,,5,4,9,0,2,2,4,4,4,0,,karlo-matkovic,9,2.2,0.3,7.5,0.7
Keaton Wallace,25,ATL,PG,12,1,194,22,55,.400,8,26,.308,14,29,.483,.473,4,4,1.000,2,16,18,22,10,6,12,13,56,0,,keaton-wallace,87,7.2,0.45,16.2,3.3
Keegan Murray,24,SAC,PF,16,16,590,78,183,.426,28,92,.304,50,91,.549,.503,18,21,.857,37,92,129,29,9,10,17,52,202,0,,keegan-murray,310,19.4,0.53,36.9,10.2
Keldon Johnson,25,SAS,SF,16,0,428,74,167,.443,19,66,.288,55,101,.545,.500,33,43,.767,18,73,91,29,14,4,12,30,200,0,,keldon-johnson,296,18.5,0.69,26.8,12.8
Kel'el Ware,20,MIA,C,8,0,48,8,19,.421,2,6,.333,6,13,.462,.474,0,0,,0,9,9,0,2,4,3,6,18,0,,kelel-ware,24,3.0,0.5,6.0,1.5
Kelly Oubre Jr.,29,PHI,SF,15,12,448,73,175,.417,18,65,.277,55,110,.500,.469,28,36,.778,23,52,75,19,15,6,20,49,192,0,,kelly-oubre,238,15.9,0.53,29.9,8.4
Kenrich Williams,30,OKC,PF,6,0,72,11,22,.500,2,11,.182,9,11,.818,.545,2,2,1.000,1,13,14,4,3,4,2,11,26,0,,kenrich-williams,38,6.3,0.53,12.0,3.3
Kentavious Caldwell-Pope,31,ORL,SG,16,16,479,37,109,.339,16,70,.229,21,39,.538,.413,21,21,1.000,6,31,37,31,21,8,11,34,111,0,,kentavious-caldwell-pope,163,10.2,0.34,29.9,3.5
Keon Ellis,25,SAC,SG,15,1,319,33,71,.465,20,49,.408,13,22,.591,.606,17,21,.810,12,19,31,12,17,15,14,31,103,0,,keon-ellis,133,8.9,0.42,21.3,3.7
Keon Johnson,22,BRK,SG,14,0,179,22,63,.349,12,40,.300,10,23,.435,.444,6,7,.857,8,32,40,14,4,4,11,21,62,0,,keon-johnson,92,6.6,0.51,12.8,3.4
Kessler Edwards,24,DAL,SF,3,0,7,0,2,.000,0,2,.000,0,0,,.000,0,0,,0,0,0,0,0,0,1,2,0,0,,kessler-edwards,-3,-1.0,-0.43,2.3,0.4
Kevin Durant,36,PHO,PF,9,9,349,89,161,.553,24,56,.429,65,105,.619,.627,46,55,.836,2,57,59,31,7,13,30,16,248,0,,kevin-durant,312,34.7,0.89,38.8,31.0
Kevin Huerter,26,SAC,SG,14,14,402,57,135,.422,26,88,.295,31,47,.660,.519,5,9,.556,5,50,55,34,18,8,15,36,145,0,,kevin-huerter,209,14.9,0.52,28.7,7.8
Kevin Love,36,MIA,PF,5,4,62,13,31,.419,8,18,.444,5,13,.385,.548,1,1,1.000,4,24,28,5,8,0,2,2,35,0,,kevin-love,72,14.4,1.16,12.4,16.7
Kevin Porter Jr.,24,LAC,SG,17,0,301,62,148,.419,8,41,.195,54,107,.505,.446,14,24,.583,10,45,55,48,12,5,37,21,146,0,,kevin-porter,208,12.2,0.69,17.7,8.5
Kevon Looney,28,GSW,C,13,0,201,28,57,.491,0,0,,28,57,.491,.491,14,26,.538,51,53,104,22,10,4,8,34,70,0,,kevon-looney,168,12.9,0.84,15.5,10.8
Keyonte George,21,UTA,PG,14,14,445,70,193,.363,36,113,.319,34,80,.425,.456,37,46,.804,7,31,38,77,8,1,39,26,213,0,,keyonte-george,272,19.4,0.61,31.8,11.9
KJ Martin,24,PHI,PF,12,1,182,18,29,.621,2,5,.400,16,24,.667,.655,11,14,.786,5,22,27,7,3,8,2,25,49,0,,kj-martin,67,5.6,0.37,15.2,2.1
KJ Simpson,22,CHO,PG,1,0,7,1,2,.500,0,1,.000,1,1,1.000,.500,0,0,,2,1,3,1,0,0,0,0,2,0,,kj-simpson,6,6.0,0.86,7.0,5.1
Klay Thompson,34,DAL,SF,16,16,454,75,197,.381,47,131,.359,28,66,.424,.500,13,13,1.000,9,46,55,30,10,5,16,20,210,0,,klay-thompson,274,17.1,0.6,28.4,10.3
Kobe Brown,25,LAC,PF,5,0,29,5,14,.357,0,4,.000,5,10,.500,.357,1,2,.500,5,7,12,2,1,0,0,2,11,0,,kobe-brown,24,4.8,0.83,5.8,4.0
Kobe Bufkin,21,ATL,SG,3,0,40,4,16,.250,2,10,.200,2,6,.333,.313,3,5,.600,2,4,6,2,0,2,4,3,13,0,,kobe-bufkin,16,5.3,0.4,13.3,2.1
Kris Dunn,30,LAC,PG,17,6,385,53,109,.486,21,57,.368,32,52,.615,.583,3,8,.375,15,51,66,52,20,3,19,48,130,0,,kris-dunn,204,12.0,0.53,22.6,6.4
Kris Murray,24,POR,SF,15,0,203,27,58,.466,9,26,.346,18,32,.563,.543,7,19,.368,16,22,38,10,9,2,9,13,70,0,,kris-murray,107,7.1,0.53,13.5,3.8
Kyle Anderson,31,GSW,SF,14,0,218,26,73,.356,8,30,.267,18,43,.419,.411,10,15,.667,11,34,45,36,15,9,8,15,70,0,,kyle-anderson,152,10.9,0.7,15.6,7.6
Kyle Filipowski,21,UTA,C,14,8,266,39,76,.513,9,30,.300,30,46,.652,.572,15,29,.517,13,53,66,30,8,2,14,23,102,0,,kyle-filipowski,171,12.2,0.64,19.0,7.9
Kyle Kuzma,29,WAS,PF,9,9,258,64,151,.424,15,51,.294,49,100,.490,.474,14,21,.667,8,49,57,18,3,3,26,19,157,0,,kyle-kuzma,193,21.4,0.75,28.7,16.0
Kyle Lowry,38,PHI,PG,13,10,315,24,63,.381,17,48,.354,7,15,.467,.516,15,19,.789,6,23,29,44,16,5,11,24,80,0,,kyle-lowry,139,10.7,0.44,24.2,4.7
Kyrie Irving,32,DAL,SG,15,15,522,135,254,.531,43,84,.512,92,170,.541,.616,46,53,.868,17,50,67,79,19,4,29,31,359,0,,kyrie-irving,468,31.2,0.9,34.8,28.0
Kyshawn George,21,WAS,SG,14,4,381,40,116,.345,21,78,.269,19,38,.500,.435,14,20,.700,8,49,57,39,12,12,13,48,115,0,,kyshawn-george,174,12.4,0.46,27.2,5.7
LaMelo Ball,23,CHO,PG,15,15,497,148,346,.428,67,188,.356,81,158,.513,.525,70,79,.886,15,58,73,101,18,3,63,63,433,0,,lamelo-ball,502,33.5,1.01,33.1,33.8
Larry Nance Jr.,32,ATL,PF,9,1,140,28,43,.651,14,22,.636,14,21,.667,.814,1,2,.500,10,12,22,11,7,3,4,11,71,0,,larry-nance,99,11.0,0.71,15.6,7.8
Lauri Markkanen,27,UTA,PF,12,12,377,68,151,.450,32,75,.427,36,76,.474,.556,57,66,.864,22,54,76,27,8,2,17,20,225,0,,lauri-markkanen,301,25.1,0.8,31.4,20.0
LeBron James,40,LAL,SF,15,15,531,132,255,.518,37,86,.430,95,169,.562,.590,59,81,.728,12,112,124,139,9,7,55,18,360,5,,lebron-james,566,37.7,1.07,35.4,40.2
Lester Quiñones,24,PHI,SG,2,0,5,1,2,.500,0,1,.000,1,1,1.000,.500,1,1,1.000,2,1,3,1,0,0,0,0,3,0,,lester-quinones,7,3.5,1.4,2.5,4.9
Liam Robbins,25,MIL,C,4,0,18,2,3,.667,0,1,.000,2,2,1.000,.667,1,4,.250,2,1,3,0,0,0,0,3,5,0,,liam-robbins,5,1.2,0.28,4.5,0.3
Lindy Waters III,27,GSW,SG,13,5,200,26,58,.448,15,39,.385,11,19,.579,.578,2,2,1.000,5,20,25,18,7,2,2,16,69,0,,lindy-waters,103,7.9,0.52,15.4,4.1
Lonzo Ball,27,CHI,PG,3,0,47,5,14,.357,4,12,.333,1,2,.500,.500,0,0,,0,8,8,11,0,1,3,4,14,0,,lonzo-ball,27,9.0,0.57,15.7,5.2
Luguentz Dort,25,OKC,SG,16,16,461,59,139,.424,37,92,.402,22,47,.468,.558,24,29,.828,21,51,72,27,19,12,12,45,179,0,,luguentz-dort,252,15.8,0.55,28.8,8.6
Luka Dončić,25,DAL,PG,14,14,513,138,317,.435,45,139,.324,93,178,.522,.506,72,92,.783,8,99,107,107,22,5,46,39,393,0,,luka-doncic,549,39.2,1.07,36.6,42.0
Luka Garza,26,MIN,PF,4,0,17,4,11,.364,0,4,.000,4,7,.571,.364,0,1,.000,1,4,5,0,0,0,2,1,8,0,,luka-garza,10,2.5,0.59,4.2,1.5
Luke Kennard,28,MEM,SG,8,0,170,19,44,.432,15,33,.455,4,11,.364,.602,7,10,.700,2,18,20,31,4,1,10,8,60,0,,luke-kennard,98,12.2,0.58,21.2,7.1
Luke Kornet,29,BOS,C,14,2,241,23,35,.657,0,0,,23,35,.657,.657,16,18,.889,28,29,57,23,8,10,6,20,62,0,,luke-kornet,134,9.6,0.56,17.2,5.3
Luke Travers,23,CLE,SG,4,0,39,3,7,.429,0,3,.000,3,4,.750,.429,2,2,1.000,1,5,6,5,1,1,2,3,8,0,,luke-travers,16,4.0,0.41,9.8,1.6
Mac McClung,26,ORL,SG,1,0,5,0,0,,0,0,,0,0,,,0,0,,0,1,1,2,0,0,0,0,0,0,,mac-mcclung,3,3.0,0.6,5.0,1.8
Malaki Branham,21,SAS,SG,14,0,198,39,83,.470,16,35,.457,23,48,.479,.566,15,18,.833,1,24,25,19,6,2,19,9,109,0,,malaki-branham,133,9.5,0.67,14.1,6.4
Malcolm Brogdon,32,WAS,PG,3,2,67,10,22,.455,1,4,.250,9,18,.500,.477,5,7,.714,4,9,13,2,1,0,4,4,26,0,,malcolm-brogdon,34,11.3,0.51,22.3,5.8
Malevy Leons,25,OKC,SF,6,0,21,0,2,.000,0,1,.000,0,1,.000,.000,2,4,.500,1,2,3,1,0,0,1,4,2,0,,malevy-leons,1,0.2,0.05,3.5,0.0
Malik Beasley,28,DET,SG,17,3,494,93,227,.410,61,157,.389,32,70,.457,.544,16,23,.696,14,40,54,27,11,1,21,26,263,0,,malik-beasley,309,18.2,0.63,29.1,11.4
Malik Monk,26,SAC,SG,10,0,250,46,104,.442,12,43,.279,34,61,.557,.500,22,26,.846,0,30,30,28,9,4,8,18,126,0,,malik-monk,171,17.1,0.68,25.0,11.7
Marcus Sasser,24,DET,PG,9,0,96,14,30,.467,3,13,.231,11,17,.647,.517,2,2,1.000,1,7,8,8,3,2,3,5,33,0,,marcus-sasser,46,5.1,0.48,10.7,2.4
Marcus Smart,30,MEM,PG,7,5,141,15,50,.300,6,28,.214,9,22,.409,.360,16,19,.842,7,11,18,26,7,6,14,15,52,0,,marcus-smart,80,11.4,0.57,20.1,6.5
MarJon Beauchamp,24,MIL,SF,10,0,29,5,15,.333,1,7,.143,4,8,.500,.367,4,4,1.000,2,5,7,1,1,0,7,3,15,0,,marjon-beauchamp,14,1.4,0.48,2.9,0.7
Markieff Morris,35,DAL,PF,2,0,10,1,6,.167,0,2,.000,1,4,.250,.167,0,0,,0,4,4,2,0,0,0,0,2,0,,markieff-morris,8,4.0,0.8,5.0,3.2
Marvin Bagley III,25,WAS,C,9,0,53,12,25,.480,0,4,.000,12,21,.571,.480,5,7,.714,8,12,20,2,1,1,7,1,29,0,,marvin-bagley,45,5.0,0.85,5.9,4.2
Mason Jones,26,SAC,SG,3,0,13,0,2,.000,0,2,.000,0,0,,.000,0,0,,1,3,4,7,0,0,0,1,0,0,,mason-jones,10,3.3,0.77,4.3,2.6
Mason Plumlee,34,PHO,C,15,3,264,29,50,.580,0,0,,29,50,.580,.580,16,30,.533,24,64,88,27,5,6,14,32,74,0,,mason-plumlee,154,10.3,0.58,17.6,6.0
Matas Buzelis,20,CHI,SF,16,0,145,16,50,.320,9,27,.333,7,23,.304,.410,11,14,.786,6,27,33,3,7,9,12,17,52,0,,matas-buzelis,75,4.7,0.52,9.1,2.4
Matt Ryan,27,NYK,SF,4,0,23,1,6,.167,1,4,.250,0,2,.000,.250,0,0,,0,0,0,0,0,0,0,0,3,0,,matt-ryan,3,0.8,0.13,5.8,0.1
Max Christie,21,LAL,SG,14,1,232,18,50,.360,6,24,.250,12,26,.462,.420,15,18,.833,8,17,25,13,13,6,8,18,57,0,,max-christie,88,6.3,0.38,16.6,2.4
Maxi Kleber,33,DAL,PF,7,2,102,6,11,.545,1,3,.333,5,8,.625,.591,1,2,.500,1,18,19,5,0,3,3,16,14,0,,maxi-kleber,22,3.1,0.22,14.6,0.7
Maxwell Lewis,22,LAL,SF,2,0,3,0,0,,0,0,,0,0,,,0,0,,0,0,0,0,0,0,0,1,0,0,,maxwell-lewis,-1,-0.5,-0.33,1.5,0.2
Michael Porter Jr.,26,DEN,SF,14,14,511,99,204,.485,37,94,.394,62,110,.564,.576,20,30,.667,20,75,95,41,12,6,14,32,255,0,,michael-porter,363,25.9,0.71,36.5,18.4
Mikal Bridges,28,NYK,SF,15,15,579,104,213,.488,30,95,.316,74,118,.627,.559,7,11,.636,18,41,59,54,17,9,22,21,245,0,,mikal-bridges,341,22.7,0.59,38.6,13.4
Mike Conley,37,MIN,PG,13,13,325,30,94,.319,22,65,.338,8,29,.276,.436,16,19,.842,8,33,41,62,22,3,15,22,98,0,,mike-conley,189,14.5,0.58,25.0,8.5
Miles Bridges,26,CHO,PF,11,11,331,62,146,.425,24,69,.348,38,77,.494,.507,28,33,.848,8,64,72,33,7,5,15,15,176,0,,miles-bridges,263,23.9,0.79,30.1,19.0
Miles McBride,24,NYK,PG,11,0,290,44,100,.440,22,58,.379,22,42,.524,.550,8,10,.800,4,21,25,28,12,3,12,19,118,0,,miles-mcbride,155,14.1,0.53,26.4,7.5
Mo Bamba,26,LAC,C,4,0,54,10,21,.476,2,9,.222,8,12,.667,.524,3,4,.750,5,17,22,4,4,1,5,12,25,0,,mo-bamba,39,9.8,0.72,13.5,7.0
Monte Morris,29,PHO,PG,12,0,139,22,48,.458,9,23,.391,13,25,.520,.552,12,14,.857,2,11,13,15,5,3,5,3,65,0,,monte-morris,93,7.8,0.67,11.6,5.2
Moritz Wagner,27,ORL,C,17,1,309,75,140,.536,15,45,.333,60,95,.632,.589,50,62,.806,16,58,74,17,11,4,30,32,215,0,,moritz-wagner,259,15.2,0.84,18.2,12.8
Moses Brown,25,IND,C,2,0,8,3,5,.600,0,0,,3,5,.600,.600,0,0,,2,3,5,0,0,0,0,2,6,0,,moses-brown,9,4.5,1.12,4.0,5.1
Moses Moody,22,GSW,SG,15,4,249,43,94,.457,23,56,.411,20,38,.526,.580,17,24,.708,6,27,33,15,4,4,15,19,126,0,,moses-moody,148,9.9,0.59,16.6,5.9
Mouhamed Gueye,22,ATL,PF,2,0,11,1,4,.250,0,2,.000,1,2,.500,.250,0,0,,0,2,2,0,0,0,1,0,2,0,,mouhamed-gueye,3,1.5,0.27,5.5,0.4
Moussa Diabaté,23,CHO,PF,15,1,257,25,41,.610,0,0,,25,41,.610,.610,4,11,.364,48,70,118,8,8,13,12,20,54,0,,moussa-diabate,169,11.3,0.66,17.1,7.4
Myles Turner,28,IND,C,14,14,456,85,177,.480,31,72,.431,54,105,.514,.568,35,50,.700,12,87,99,20,12,28,38,46,236,0,,myles-turner,311,22.2,0.68,32.6,15.2
Naji Marshall,27,DAL,SF,16,4,380,65,121,.537,7,34,.206,58,87,.667,.566,25,27,.926,16,36,52,44,19,2,20,26,162,0,,naji-marshall,233,14.6,0.61,23.8,8.9
Naz Reid,25,MIN,C,15,0,368,77,152,.507,32,77,.416,45,75,.600,.612,29,32,.906,13,64,77,24,7,7,17,38,215,0,,naz-reid,275,18.3,0.75,24.5,13.7
Neemias Queta,25,BOS,C,15,5,282,41,66,.621,0,2,.000,41,64,.641,.621,15,20,.750,30,47,77,10,2,12,11,31,97,0,,neemias-queta,156,10.4,0.55,18.8,5.8
Nic Claxton,25,BRK,C,12,5,295,47,72,.653,0,0,,47,72,.653,.653,13,28,.464,23,70,93,31,6,13,11,28,107,0,,nic-claxton,211,17.6,0.72,24.6,12.6
Nick Richards,27,CHO,C,5,5,137,21,33,.636,0,1,.000,21,32,.656,.636,13,22,.591,20,30,50,9,2,12,7,14,55,0,,nick-richards,107,21.4,0.78,27.4,16.7
Nick Smith Jr.,20,CHO,SG,5,0,23,3,10,.300,1,5,.200,2,5,.400,.350,0,0,,0,1,1,1,1,0,1,1,7,0,,nick-smith,8,1.6,0.35,4.6,0.6
Nickeil Alexander-Walker,26,MIN,SG,15,2,357,46,91,.505,24,50,.480,22,41,.537,.637,13,18,.722,9,31,40,37,16,5,22,19,129,0,,nickeil-alexander-walker,186,12.4,0.52,23.8,6.5
Nicolas Batum,36,LAC,PF,17,0,290,23,59,.390,16,44,.364,7,15,.467,.525,6,8,.750,11,34,45,22,6,10,8,22,68,0,,nicolas-batum,121,7.1,0.42,17.1,3.0
Nikola Jokić,29,DEN,C,11,11,421,121,214,.565,24,41,.585,97,173,.561,.621,64,77,.831,51,103,154,127,17,10,44,20,330,7,,nikola-jokic,574,52.2,1.36,38.3,71.1
Nikola Jović,21,MIA,PF,13,8,249,39,85,.459,14,43,.326,25,42,.595,.541,16,20,.800,8,43,51,17,13,1,8,20,108,0,,nikola-jovic,162,12.5,0.65,19.2,8.1
Nikola Vučević,34,CHI,C,17,17,550,139,241,.577,35,76,.461,104,165,.630,.649,30,35,.857,35,132,167,54,13,18,30,39,343,0,,nikola-vucevic,526,30.9,0.96,32.4,29.6
Noah Clowney,20,BRK,PF,14,1,227,32,85,.376,18,53,.340,14,32,.438,.482,12,17,.706,14,31,45,10,4,8,9,33,94,0,,noah-clowney,119,8.5,0.52,16.2,4.5
Norman Powell,31,LAC,SG,15,15,501,121,247,.490,58,119,.487,63,128,.492,.607,49,60,.817,4,42,46,35,17,3,32,28,349,0,,norman-powell,390,26.0,0.78,33.4,20.2
Obi Toppin,26,IND,PF,15,0,306,57,108,.528,14,49,.286,43,59,.729,.593,13,15,.867,13,33,46,26,10,6,11,19,141,0,,obi-toppin,199,13.3,0.65,20.4,8.6
Ochai Agbaji,24,TOR,SG,16,14,513,78,150,.520,29,65,.446,49,85,.576,.617,14,20,.700,17,56,73,34,20,11,18,45,199,0,,ochai-agbaji,274,17.1,0.53,32.1,9.1
OG Anunoby,27,NYK,PF,15,15,545,95,189,.503,31,83,.373,64,106,.604,.585,36,44,.818,16,67,83,32,22,9,18,37,257,0,,og-anunoby,348,23.2,0.64,36.3,14.8
Olivier-Maxence Prosper,22,DAL,PF,9,0,55,7,18,.389,0,3,.000,7,15,.467,.389,2,3,.667,7,6,13,0,1,0,1,6,16,0,,olivier-maxence-prosper,23,2.6,0.42,6.1,1.1
Onyeka Okongwu,24,ATL,C,15,0,353,61,116,.526,6,29,.207,55,87,.632,.552,32,41,.780,30,67,97,23,11,11,14,32,160,0,,onyeka-okongwu,256,17.1,0.73,23.5,12.4
Orlando Robinson,24,SAC,C,2,0,20,2,2,1.000,1,1,1.000,1,1,1.000,1.250,2,4,.500,2,4,6,1,1,0,3,3,7,0,,orlando-robinson,9,4.5,0.45,10.0,2.0
Oso Ighodaro,22,PHO,PF,11,1,176,21,32,.656,0,0,,21,32,.656,.656,8,10,.800,12,32,44,7,4,4,8,21,50,0,,oso-ighodaro,80,7.3,0.45,16.0,3.3
Ousmane Dieng,21,OKC,SF,16,0,186,20,59,.339,9,36,.250,11,23,.478,.415,7,11,.636,9,33,42,13,11,4,4,18,56,0,,ousmane-dieng,104,6.5,0.56,11.6,3.6
Pacome Dadiet,19,NYK,SG,8,0,69,6,17,.353,5,11,.455,1,6,.167,.500,2,2,1.000,0,12,12,4,1,2,1,5,19,0,,pacome-dadiet,32,4.0,0.46,8.6,1.9
Paolo Banchero,22,ORL,PF,5,5,182,48,97,.495,11,32,.344,37,65,.569,.552,38,59,.644,12,32,44,28,3,4,11,13,145,0,,paolo-banchero,200,40.0,1.1,36.4,44.0
Pascal Siakam,30,IND,PF,16,16,543,129,233,.554,31,69,.449,98,164,.598,.620,44,57,.772,29,74,103,58,13,2,23,46,333,0,,pascal-siakam,440,27.5,0.81,33.9,22.3
Pat Connaughton,32,MIL,SG,13,0,229,22,62,.355,12,40,.300,10,22,.455,.452,8,10,.800,6,31,37,24,3,2,10,15,64,0,,pat-connaughton,105,8.1,0.46,17.6,3.7
Pat Spencer,28,GSW,PG,3,0,5,2,3,.667,0,0,,2,3,.667,.667,0,0,,0,0,0,1,0,0,0,0,4,0,,pat-spencer,5,1.7,1.0,1.7,1.7
Patrick Baldwin Jr.,22,WAS,SF,9,0,46,7,17,.412,3,9,.333,4,8,.500,.500,2,4,.500,2,6,8,1,2,1,1,4,19,0,,patrick-baldwin,26,2.9,0.57,5.1,1.6
Patrick Williams,23,CHI,PF,15,15,433,50,133,.376,28,71,.394,22,62,.355,.481,21,25,.840,16,59,75,35,15,8,29,21,149,0,,patrick-williams,232,15.5,0.54,28.9,8.3
Patty Mills,36,UTA,PG,9,0,138,11,31,.355,7,24,.292,4,7,.571,.468,3,3,1.000,1,7,8,13,6,2,8,8,32,0,,patty-mills,45,5.0,0.33,15.3,1.6
Paul George,34,PHI,PF,8,8,231,41,107,.383,15,54,.278,26,53,.491,.453,22,27,.815,7,36,43,38,18,2,25,19,119,0,,paul-george,176,22.0,0.76,28.9,16.8
Paul Reed,25,DET,PF,7,0,69,12,20,.600,1,2,.500,11,18,.611,.625,4,5,.800,4,7,11,3,4,4,6,15,29,0,,paul-reed,30,4.3,0.43,9.9,1.9
Payton Pritchard,27,BOS,PG,16,0,443,79,168,.470,56,133,.421,23,35,.657,.637,25,29,.862,13,27,40,46,18,1,17,30,239,0,,payton-pritchard,297,18.6,0.67,27.7,12.4
Pelle Larsson,23,MIA,SG,8,0,105,14,26,.538,5,12,.417,9,14,.643,.635,6,10,.600,2,6,8,11,4,0,4,12,39,0,,pelle-larsson,46,5.8,0.44,13.1,2.5
Peyton Watson,22,DEN,SF,14,7,354,51,111,.459,14,38,.368,37,73,.507,.523,23,30,.767,14,37,51,17,12,15,12,32,139,0,,peyton-watson,190,13.6,0.54,25.3,7.3
PJ Dozier,28,MIN,SG,4,0,15,1,2,.500,1,2,.500,0,0,,.750,1,2,.500,1,2,3,2,1,0,0,2,4,0,,pj-dozier,8,2.0,0.53,3.8,1.1
PJ Hall,22,DEN,C,1,0,1,0,0,,0,0,,0,0,,,0,0,,0,0,0,0,0,0,0,0,0,0,,pj-hall,0,0.0,0.0,1.0,0.0
P.J. Washington,26,DAL,PF,11,10,336,45,105,.429,10,40,.250,35,65,.538,.476,19,25,.760,23,71,94,16,17,12,14,23,119,0,,pj-washington,221,20.1,0.66,30.5,13.2
Quentin Grimes,24,DAL,SG,15,3,268,32,69,.464,16,39,.410,16,30,.533,.580,12,15,.800,8,40,48,20,8,2,8,25,92,0,,quentin-grimes,137,9.1,0.51,17.9,4.7
Quenton Jackson,26,IND,PG,8,2,121,25,40,.625,3,12,.250,22,28,.786,.663,8,9,.889,4,8,12,15,5,3,7,12,61,0,,quenton-jackson,77,9.6,0.64,15.1,6.1
Rayan Rupert,20,POR,SG,14,0,156,21,46,.457,8,22,.364,13,24,.542,.543,4,6,.667,12,14,26,3,6,1,10,13,54,0,,rayan-rupert,67,4.8,0.43,11.1,2.1
Reece Beekman,23,GSW,PG,2,0,4,1,1,1.000,0,0,,1,1,1.000,1.000,0,0,,1,0,1,1,1,0,0,1,2,0,,reece-beekman,4,2.0,1.0,2.0,2.0
Reed Sheppard,20,HOU,SG,17,0,211,26,68,.382,13,35,.371,13,33,.394,.478,0,0,,7,14,21,27,10,6,11,15,65,0,,reed-sheppard,103,6.1,0.49,12.4,3.0
Reggie Jackson,34,PHI,PG,7,0,95,12,33,.364,9,22,.409,3,11,.273,.500,0,0,,0,7,7,14,4,1,5,7,33,0,,reggie-jackson,47,6.7,0.49,13.6,3.3
Richaun Holmes,31,WAS,PF,2,0,8,3,6,.500,0,1,.000,3,5,.600,.500,0,0,,1,1,2,0,0,0,0,1,6,0,,richaun-holmes,7,3.5,0.88,4.0,3.1
Ricky Council IV,23,PHI,SG,12,0,99,9,29,.310,2,12,.167,7,17,.412,.345,6,6,1.000,3,7,10,8,1,0,3,5,26,0,,ricky-council,37,3.1,0.37,8.2,1.2
Riley Minix,24,SAS,SF,1,0,7,0,1,.000,0,1,.000,0,0,,.000,0,0,,0,2,2,0,0,0,0,0,0,0,,riley-minix,2,2.0,0.29,7.0,0.6
RJ Barrett,24,TOR,SG,13,13,444,110,251,.438,26,77,.338,84,174,.483,.490,63,88,.716,12,72,84,81,14,3,43,33,309,1,,rj-barrett,415,31.9,0.93,34.2,29.8
Rob Dillingham,20,MIN,PG,8,0,47,7,13,.538,2,3,.667,5,10,.500,.615,0,0,,0,3,3,8,0,0,7,2,16,0,,rob-dillingham,18,2.2,0.38,5.9,0.9
Robert Williams,27,POR,C,6,0,120,26,34,.765,1,2,.500,25,32,.781,.779,8,9,.889,12,27,39,9,7,10,7,6,61,0,,robert-williams,113,18.8,0.94,20.0,17.7
Ron Holland,19,DET,SF,17,1,261,37,91,.407,5,38,.132,32,53,.604,.434,17,20,.850,11,41,52,9,10,2,12,22,96,0,,ron-holland,135,7.9,0.52,15.4,4.1
Royce O'Neale,31,PHO,SF,16,2,404,54,133,.406,33,82,.402,21,51,.412,.530,12,17,.706,23,74,97,36,13,14,15,39,153,0,,royce-oneale,259,16.2,0.64,25.2,10.4
Rudy Gobert,32,MIN,C,15,15,496,62,97,.639,0,0,,62,97,.639,.639,41,51,.804,48,109,157,29,7,24,28,43,165,0,,rudy-gobert,311,20.7,0.63,33.1,13.0
Rui Hachimura,26,LAL,PF,10,10,339,45,107,.421,18,36,.500,27,71,.380,.505,19,23,.826,22,39,61,15,7,5,7,20,127,0,,rui-hachimura,188,18.8,0.55,33.9,10.4
Russell Westbrook,36,DEN,PG,14,3,350,50,139,.360,18,49,.367,32,90,.356,.424,38,58,.655,12,47,59,82,20,8,35,37,156,1,,russell-westbrook,253,18.1,0.72,25.0,13.1
Ryan Dunn,22,PHO,SF,15,9,282,41,97,.423,21,63,.333,20,34,.588,.531,1,6,.167,11,28,39,12,8,7,8,36,104,0,,ryan-dunn,126,8.4,0.45,18.8,3.8
Ryan Rollins,22,MIL,PG,9,1,68,10,23,.435,6,11,.545,4,12,.333,.565,3,4,.750,3,8,11,9,7,4,7,8,29,0,,ryan-rollins,45,5.0,0.66,7.6,3.3
Sam Hauser,27,BOS,PF,13,0,277,38,94,.404,26,78,.333,12,16,.750,.543,1,1,1.000,9,36,45,15,9,4,5,12,103,0,,sam-hauser,159,12.2,0.57,21.3,7.0
Sam Merrill,28,CLE,SG,13,1,255,29,70,.414,24,63,.381,5,7,.714,.586,6,6,1.000,2,19,21,20,8,2,6,25,88,0,,sam-merrill,108,8.3,0.42,19.6,3.5
Sandro Mamukelashvili,25,SAS,PF,12,0,105,19,34,.559,11,23,.478,8,11,.727,.721,7,7,1.000,6,26,32,4,1,5,9,8,56,0,,sandro-mamukelashvili,81,6.8,0.77,8.8,5.2
Santi Aldama,24,MEM,PF,16,11,457,84,176,.477,22,76,.289,62,100,.620,.540,16,18,.889,24,89,113,54,14,8,24,17,206,0,,santi-aldama,354,22.1,0.77,28.6,17.1
Scoot Henderson,20,POR,PG,15,3,389,63,155,.406,13,46,.283,50,109,.459,.448,31,38,.816,10,34,44,78,15,1,48,37,170,0,,scoot-henderson,223,14.9,0.57,25.9,8.5
Scottie Barnes,23,TOR,PF,5,5,162,34,74,.459,4,16,.250,30,58,.517,.486,22,29,.759,10,24,34,30,9,2,18,14,94,0,,scottie-barnes,137,27.4,0.85,32.4,23.2
Scotty Pippen Jr.,24,MEM,PG,16,7,411,66,147,.449,19,49,.388,47,98,.480,.514,34,44,.773,11,53,64,91,19,7,34,47,185,1,,scotty-pippen,285,17.8,0.69,25.7,12.4
Seth Curry,34,CHO,SG,14,4,203,23,57,.404,13,32,.406,10,25,.400,.518,3,5,.600,9,14,23,7,7,1,4,18,62,0,,seth-curry,78,5.6,0.38,14.5,2.1
Shaedon Sharpe,21,POR,SG,8,6,222,50,111,.450,15,47,.319,35,64,.547,.518,27,36,.750,6,17,23,16,8,1,17,16,142,0,,shaedon-sharpe,157,19.6,0.71,27.8,13.9
Shai Gilgeous-Alexander,26,OKC,SG,16,16,545,159,318,.500,29,86,.337,130,232,.560,.546,112,125,.896,14,68,82,100,29,18,42,28,459,0,,shai-gilgeous-alexander,618,38.6,1.13,34.1,43.8
Shake Milton,28,BRK,SG,12,0,123,11,26,.423,7,18,.389,4,8,.500,.558,2,3,.667,5,5,10,17,2,0,2,9,31,0,,shake-milton,49,4.1,0.4,10.2,1.6
Sidy Cissoko,20,SAS,SF,7,0,20,2,4,.500,1,1,1.000,1,3,.333,.625,0,2,.000,2,4,6,4,0,0,1,4,5,0,,sidy-cissoko,10,1.4,0.5,2.9,0.7
Simone Fontecchio,29,DET,SF,15,0,286,30,79,.380,19,55,.345,11,24,.458,.500,17,21,.810,9,39,48,13,4,2,11,18,96,0,,simone-fontecchio,134,8.9,0.47,19.1,4.2
Spencer Dinwiddie,31,DAL,PG,14,0,236,20,55,.364,13,37,.351,7,18,.389,.482,10,14,.714,1,16,17,25,5,3,7,16,63,0,,spencer-dinwiddie,90,6.4,0.38,16.9,2.5
Spencer Jones,23,DEN,SF,1,0,2,0,0,,0,0,,0,0,,,0,0,,0,1,1,0,1,0,0,0,0,0,,spencer-jones,2,2.0,1.0,2.0,2.0
Stanley Umude,25,MIL,SG,5,0,16,1,3,.333,1,3,.333,0,0,,.500,0,2,.000,0,3,3,1,0,1,0,0,3,0,,stanley-umude,8,1.6,0.5,3.2,0.8
Stephen Curry,36,GSW,PG,12,12,355,91,186,.489,49,109,.450,42,77,.545,.621,41,43,.953,4,60,64,79,21,8,44,17,272,0,,stephen-curry,383,31.9,1.08,29.6,34.4
Stephon Castle,20,SAS,PG,16,9,413,58,150,.387,16,57,.281,42,93,.452,.440,34,47,.723,12,30,42,58,13,7,27,25,166,0,,stephon-castle,234,14.6,0.57,25.8,8.3
Steven Adams,31,HOU,C,8,0,96,8,13,.615,0,0,,8,13,.615,.615,4,10,.400,10,11,21,11,3,0,14,11,20,0,,steven-adams,30,3.8,0.31,12.0,1.2
Svi Mykhailiuk,27,UTA,SF,2,0,16,2,6,.333,2,5,.400,0,1,.000,.500,0,0,,0,1,1,2,1,0,2,2,6,0,,svi-mykhailiuk,6,3.0,0.38,8.0,1.1
Taj Gibson,39,CHO,C,7,5,84,10,19,.526,1,2,.500,9,17,.529,.553,2,3,.667,11,15,26,3,2,3,5,14,23,0,,taj-gibson,38,5.4,0.45,12.0,2.5
Talen Horton-Tucker,24,CHI,SG,11,0,96,16,37,.432,5,14,.357,11,23,.478,.500,11,16,.688,7,15,22,14,0,1,3,7,48,0,,talen-horton-tucker,75,6.8,0.78,8.7,5.3
Tari Eason,23,HOU,SF,17,0,391,85,160,.531,18,51,.353,67,109,.615,.588,21,29,.724,35,75,110,20,37,18,16,44,209,0,,tari-eason,334,19.6,0.85,23.0,16.8
Taurean Prince,30,MIL,SF,16,16,470,51,103,.495,32,61,.525,19,42,.452,.650,3,5,.600,13,66,79,33,16,2,18,33,137,0,,taurean-prince,216,13.5,0.46,29.4,6.2
Taylor Hendricks,21,UTA,PF,3,3,75,4,18,.222,3,12,.250,1,6,.167,.306,3,4,.750,5,10,15,2,5,4,2,8,14,0,,taylor-hendricks,30,10.0,0.4,25.0,4.0
Taze Moore,26,POR,SG,1,0,12,1,8,.125,1,4,.250,0,4,.000,.188,1,2,.500,2,2,4,1,2,0,1,0,4,0,,taze-moore,10,10.0,0.83,12.0,8.3
Terance Mann,28,LAC,SG,17,11,356,36,90,.400,10,34,.294,26,56,.464,.456,11,15,.733,18,42,60,31,13,4,10,37,93,0,,terance-mann,154,9.1,0.43,20.9,3.9
Terrence Shannon Jr. ,24,MIN,SG,4,0,15,2,3,.667,0,1,.000,2,2,1.000,.667,0,0,,0,0,0,2,2,1,2,0,4,0,,terrence-shannon,7,1.8,0.47,3.8,0.8
Terry Rozier,30,MIA,PG,12,12,381,54,142,.380,24,72,.333,30,70,.429,.465,23,26,.885,8,42,50,44,10,5,22,20,155,0,,terry-rozier,222,18.5,0.58,31.8,10.8
Thomas Bryant,27,MIA,C,7,0,89,10,21,.476,4,11,.364,6,10,.600,.571,5,5,1.000,6,19,25,4,1,5,1,7,29,0,,thomas-bryant,56,8.0,0.63,12.7,5.0
Tidjane Salaün,19,CHO,PF,13,2,207,15,53,.283,9,35,.257,6,18,.333,.368,9,13,.692,9,39,48,13,4,3,10,12,48,0,,tidjane-salaun,94,7.2,0.45,15.9,3.3
Tim Hardaway Jr.,32,DET,SG,14,14,392,49,117,.419,32,82,.390,17,35,.486,.556,24,27,.889,2,20,22,28,5,0,8,20,154,0,,tim-hardaway,181,12.9,0.46,28.0,6.0
T.J. McConnell,32,IND,PG,15,0,277,71,126,.563,1,5,.200,70,121,.579,.567,6,9,.667,6,29,35,67,21,3,24,13,149,0,,tj-mcconnell,238,15.9,0.86,18.5,13.6
Tobias Harris,32,DET,PF,17,17,565,97,213,.455,25,75,.333,72,138,.522,.514,23,29,.793,19,109,128,43,12,18,24,41,242,0,,tobias-harris,378,22.2,0.67,33.2,14.9
Torrey Craig,34,CHI,SF,4,1,45,7,16,.438,4,13,.308,3,3,1.000,.563,2,2,1.000,2,8,10,3,1,1,0,4,20,0,,torrey-craig,31,7.8,0.69,11.2,5.3
Toumani Camara,24,POR,PF,16,16,502,54,127,.425,25,62,.403,29,65,.446,.524,14,19,.737,35,47,82,36,27,6,27,47,147,0,,toumani-camara,224,14.0,0.45,31.4,6.2
Trae Young,26,ATL,PG,16,16,577,106,276,.384,45,137,.328,61,139,.439,.466,97,108,.898,12,48,60,187,22,3,74,31,354,0,,trae-young,521,32.6,0.9,36.1,29.4
Trayce Jackson-Davis,24,GSW,C,15,15,259,56,87,.644,0,1,.000,56,86,.651,.644,15,26,.577,22,58,80,33,5,9,13,19,127,0,,trayce-jackson-davis,222,14.8,0.86,17.3,12.7
Tre Jones,25,SAS,PG,4,0,70,5,16,.313,2,6,.333,3,10,.300,.375,8,12,.667,1,7,8,10,1,0,4,8,20,0,,tre-jones,27,6.8,0.39,17.5,2.6
Tre Mann,23,CHO,PG,13,0,319,70,161,.435,24,60,.400,46,101,.455,.509,19,21,.905,12,26,38,39,7,4,25,24,183,0,,tre-mann,222,17.1,0.7,24.5,11.9
Trendon Watford,24,BRK,PF,3,0,48,7,16,.438,0,5,.000,7,11,.636,.438,6,7,.857,0,10,10,6,1,2,3,5,20,0,,trendon-watford,31,10.3,0.65,16.0,6.7
Trevelin Queen,27,ORL,SG,2,0,5,1,3,.333,1,1,1.000,0,2,.000,.500,0,0,,0,0,0,0,0,0,1,1,3,0,,trevelin-queen,1,0.5,0.2,2.5,0.1
Trey Alexander,21,DEN,SG,5,0,19,1,6,.167,0,2,.000,1,4,.250,.167,0,0,,0,1,1,1,0,0,0,1,2,0,,trey-alexander,3,0.6,0.16,3.8,0.1
Trey Jemison,25,NOP,C,11,0,124,12,24,.500,0,0,,12,24,.500,.500,6,11,.545,16,17,33,7,6,5,8,20,30,0,,trey-jemison,53,4.8,0.43,11.3,2.1
Trey Lyles,29,SAC,PF,16,2,329,32,89,.360,22,65,.338,10,24,.417,.483,10,12,.833,13,52,65,15,9,9,8,23,96,0,,trey-lyles,163,10.2,0.5,20.6,5.0
Trey Murphy III,24,NOP,SF,5,5,149,29,71,.408,13,38,.342,16,33,.485,.500,15,16,.938,4,20,24,10,3,3,10,11,86,0,,trey-murphy,105,21.0,0.7,29.8,14.8
Tristan Da Silva,23,ORL,SF,13,11,327,35,88,.398,14,43,.326,21,45,.467,.477,11,13,.846,11,39,50,25,4,3,7,21,95,0,,tristan-da-silva,149,11.5,0.46,25.2,5.2
Tristan Thompson,33,CLE,PF,7,0,52,10,15,.667,0,0,,10,15,.667,.667,0,6,.000,2,12,14,3,0,2,3,6,20,0,,tristan-thompson,30,4.3,0.58,7.4,2.5
Tristen Newton,23,IND,SG,2,0,2,1,3,.333,0,1,.000,1,2,.500,.333,1,1,1.000,0,0,0,0,0,0,0,0,3,0,,tristen-newton,3,1.5,1.5,1.0,2.2
Ty Jerome,27,CLE,SG,17,2,314,74,125,.592,27,49,.551,47,76,.618,.700,25,29,.862,9,26,35,62,19,0,19,21,200,0,,ty-jerome,276,16.2,0.88,18.5,14.3
Tyler Herro,25,MIA,SG,13,13,439,107,220,.486,57,126,.452,50,94,.532,.616,44,50,.880,4,60,64,67,8,2,34,26,315,0,,tyler-herro,396,30.5,0.9,33.8,27.5
Tyler Kolek,23,NYK,PG,10,0,82,12,24,.500,8,15,.533,4,9,.444,.667,4,4,1.000,2,6,8,7,4,0,7,7,36,0,,tyler-kolek,41,4.1,0.5,8.2,2.0
Tyler Smith,20,MIL,PF,9,0,29,8,12,.667,3,7,.429,5,5,1.000,.792,1,2,.500,1,5,6,0,0,2,2,4,20,0,,tyler-smith,22,2.4,0.76,3.2,1.9
Tyrese Haliburton,24,IND,PG,16,16,557,84,222,.378,37,126,.294,47,96,.490,.462,43,52,.827,11,43,54,136,19,10,27,30,248,0,,tyrese-haliburton,410,25.6,0.74,34.8,18.9
Tyrese Martin,25,BRK,SG,4,0,21,3,7,.429,3,6,.500,0,1,.000,.643,0,0,,0,2,2,0,0,0,1,0,9,0,,tyrese-martin,10,2.5,0.48,5.2,1.2
Tyrese Maxey,24,PHI,PG,9,9,324,81,195,.415,25,89,.281,56,106,.528,.479,40,48,.833,1,27,28,34,15,4,15,23,227,0,,tyrese-maxey,270,30.0,0.83,36.0,25.0
TyTy Washington Jr.,23,PHO,PG,3,0,27,3,6,.500,2,3,.667,1,3,.333,.667,0,0,,0,1,1,4,2,0,1,0,8,0,,tyty-washington,14,4.7,0.52,9.0,2.4
Tyus Jones,28,PHO,PG,16,16,519,70,158,.443,33,88,.375,37,70,.529,.547,8,10,.800,13,33,46,110,16,2,17,16,181,0,,tyus-jones,322,20.1,0.62,32.4,12.5
Ulrich Chomche,19,TOR,PF,1,0,5,1,1,1.000,0,0,,1,1,1.000,1.000,0,0,,0,1,1,0,0,0,0,0,2,0,,ulrich-chomche,3,3.0,0.6,5.0,1.8
Vasilije Micić,31,CHO,PG,5,0,73,7,27,.259,4,12,.333,3,15,.200,.333,2,4,.500,5,9,14,6,2,0,6,5,20,0,,vasilije-micic,31,6.2,0.42,14.6,2.6
Victor Wembanyama,21,SAS,C,13,13,410,108,229,.472,38,112,.339,70,117,.598,.555,41,47,.872,30,106,136,37,17,48,46,26,295,0,,victor-wembanyama,461,35.5,1.12,31.5,39.9
Vince Williams Jr.,24,MEM,SG,3,0,45,7,19,.368,1,8,.125,6,11,.545,.395,1,4,.250,4,7,11,9,0,2,7,9,16,0,,vince-williams,22,7.3,0.49,15.0,3.6
Vit Krejci,24,ATL,PG,7,0,85,9,22,.409,4,11,.364,5,11,.455,.500,4,7,.571,2,5,7,9,4,2,5,13,26,0,,vit-krejci,30,4.3,0.35,12.1,1.5
Vlatko Čančar,27,DEN,PF,4,0,34,4,7,.571,1,2,.500,3,5,.600,.643,0,0,,3,5,8,0,0,1,2,4,9,0,,vlatko-cancar,12,3.0,0.35,8.5,1.1
Walker Kessler,23,UTA,C,9,9,238,35,51,.686,0,0,,35,51,.686,.686,13,23,.565,34,62,96,9,4,25,15,20,83,0,,walker-kessler,182,20.2,0.76,26.4,15.5
Wendell Carter Jr.,25,ORL,C,6,6,158,17,38,.447,2,16,.125,15,22,.682,.474,14,18,.778,12,41,53,13,8,2,3,14,50,0,,wendell-carter,109,18.2,0.69,26.3,12.5
Wendell Moore Jr.,23,DET,SG,7,0,106,12,19,.632,2,5,.400,10,14,.714,.684,4,5,.800,6,17,23,9,5,2,4,6,30,0,,wendell-moore,59,8.4,0.56,15.1,4.7
Xavier Tillman Sr.,26,BOS,C,11,1,102,6,25,.240,3,15,.200,3,10,.300,.300,0,0,,6,16,22,6,3,2,3,7,15,0,,xavier-tillman,38,3.5,0.37,9.3,1.3
Yongxi Cui,21,BRK,SG,3,0,4,0,1,.000,0,0,,0,1,.000,.000,1,2,.500,0,0,0,0,0,0,0,0,1,0,,yongxi-cui,1,0.3,0.25,1.3,0.1
Yuki Kawamura,23,MEM,PG,9,0,26,2,11,.182,1,8,.125,1,3,.333,.227,3,4,.750,0,2,2,6,0,0,3,1,8,0,,yuki-kawamura,12,1.3,0.46,2.9,0.6
Yves Missi,20,NOP,C,16,11,371,44,84,.524,0,0,,44,84,.524,.524,24,35,.686,49,62,111,26,10,17,18,25,112,0,,yves-missi,233,14.6,0.63,23.2,9.1
Zaccharie Risacher,19,ATL,SF,17,15,432,70,180,.389,20,81,.247,50,99,.505,.444,36,52,.692,23,43,66,24,16,12,21,41,196,0,,zaccharie-risacher,252,14.8,0.58,25.4,8.6
Zach Collins,27,SAS,C,16,3,256,42,81,.519,11,29,.379,31,52,.596,.586,28,31,.903,19,42,61,32,9,9,18,40,123,0,,zach-collins,176,11.0,0.69,16.0,7.6
Zach Edey,22,MEM,C,14,9,281,64,105,.610,6,10,.600,58,95,.611,.638,22,33,.667,43,54,97,11,12,14,23,44,156,0,,zach-edey,223,15.9,0.79,20.1,12.6
Zach LaVine,29,CHI,SF,14,14,477,114,219,.521,45,103,.437,69,116,.595,.623,39,49,.796,3,68,71,59,11,6,45,24,312,0,,zach-lavine,390,27.9,0.82,34.1,22.8
Zeke Nnaji,24,DEN,PF,9,0,55,7,15,.467,0,6,.000,7,9,.778,.467,1,4,.250,2,5,7,3,1,2,1,4,15,0,,zeke-nnaji,23,2.6,0.42,6.1,1.1
Ziaire Williams,23,BRK,SF,16,2,334,51,118,.432,14,51,.275,37,67,.552,.492,24,29,.828,16,52,68,17,14,7,13,48,140,0,,ziaire-williams,185,11.6,0.55,20.9,6.4
Zion Williamson,24,NOP,PF,6,6,186,47,104,.452,2,6,.333,45,98,.459,.462,40,60,.667,16,32,48,32,4,7,22,18,136,0,,zion-williamson,187,31.2,1.01,31.0,31.3
