Player,Age,Team,Pos,G,GS,MP,FG,FGA,FG%,3P,3PA,3P%,2P,2PA,2P%,eFG%,FT,FTA,FT%,ORB,DRB,TRB,AST,STL,BLK,TOV,PF,PTS,Trp-Dbl,Awards,Player Key,FP,FPPG,FPPM,MPG,FPR
Aaron Gordon,27,DEN,PF,68,68,2055,429,761,.564,60,173,.347,369,588,.628,.603,191,314,.608,164,282,446,203,54,51,98,129,1109,0,,aaron-gordon,1636,24.1,0.8,30.2,19.2
Aaron Holiday,26,ATL,PG,63,6,845,92,220,.418,36,88,.409,56,132,.424,.500,27,32,.844,25,49,74,89,37,12,36,79,247,0,,aaron-holiday,344,5.5,0.41,13.4,2.2
Aaron Nesmith,23,IND,SF,73,60,1816,252,590,.427,115,314,.366,137,276,.496,.525,119,142,.838,62,215,277,98,55,34,75,235,738,0,,aaron-nesmith,892,12.2,0.49,24.9,6.0
Aaron Wiggins,24,OKC,SG,70,14,1297,186,363,.512,48,122,.393,138,241,.573,.579,59,71,.831,68,142,210,80,39,15,55,110,479,0,,aaron-wiggins,658,9.4,0.51,18.5,4.8
Admiral Schofield,25,ORL,PF,37,0,451,55,122,.451,24,74,.324,31,48,.646,.549,21,23,.913,23,39,62,31,8,5,16,61,155,0,,admiral-schofield,184,5.0,0.41,12.2,2.0
A.J. Green,23,MIL,SG,35,1,345,53,125,.424,44,105,.419,9,20,.450,.600,4,4,1.000,6,39,45,22,6,0,9,31,154,0,,aj-green,187,5.3,0.54,9.9,2.9
AJ Griffin,19,ATL,SF,72,12,1401,248,533,.465,101,259,.390,147,274,.536,.560,42,47,.894,37,116,153,73,42,12,42,87,639,0,,aj-griffin,790,11.0,0.56,19.5,6.2
A.J. Lawson,22,2TM,SG,15,0,108,22,44,.500,10,25,.400,12,19,.632,.614,2,8,.250,6,15,21,2,2,0,3,11,56,0,,aj-lawson,67,4.5,0.62,7.2,2.8
Al Horford,36,BOS,C,63,63,1922,228,479,.476,145,325,.446,83,154,.539,.627,15,21,.714,73,317,390,189,30,61,37,121,616,0,,al-horford,1128,17.9,0.59,30.5,10.5
Alec Burks,31,DET,SG,51,8,1122,200,459,.436,99,239,.414,101,220,.459,.544,153,188,.814,19,139,158,114,38,8,58,98,652,0,,alec-burks,814,16.0,0.73,22.0,11.6
Aleksej Pokusevski,21,OKC,PF,34,25,701,108,249,.434,38,104,.365,70,145,.483,.510,22,35,.629,45,114,159,64,20,43,43,58,276,0,,aleksej-pokusevski,461,13.6,0.66,20.6,8.9
Alex Caruso,28,CHI,PG,67,36,1575,130,286,.455,55,151,.364,75,135,.556,.551,59,73,.808,42,154,196,193,98,46,77,159,374,0,DPOY-11,alex-caruso,671,10.0,0.43,23.5,4.3
Alex Len,29,SAC,C,26,2,161,16,30,.533,0,2,.000,16,28,.571,.533,11,16,.688,24,36,60,12,4,11,16,28,43,0,,alex-len,86,3.3,0.53,6.2,1.8
Alize Johnson,26,SAS,PF,4,0,30,3,6,.500,0,2,.000,3,4,.750,.500,1,2,.500,2,8,10,1,1,0,4,3,7,0,,alize-johnson,12,3.0,0.4,7.5,1.2
Alondes Williams,23,BRK,SG,1,0,5,0,0,,0,0,,0,0,,,0,0,,0,1,1,0,0,0,2,1,0,0,,alondes-williams,-2,-2.0,-0.4,5.0,0.8
Alperen Sengun,20,HOU,C,75,72,2171,442,799,.553,19,57,.333,423,742,.570,.565,206,288,.715,242,436,678,291,70,70,193,258,1109,2,,alperen-sengun,1767,23.6,0.81,28.9,19.2
Amir Coffey,25,LAC,SF,50,9,625,56,145,.386,11,40,.275,45,105,.429,.424,49,63,.778,17,36,53,53,7,5,21,50,172,0,,amir-coffey,219,4.4,0.35,12.5,1.5
Andre Drummond,29,CHI,C,67,0,849,166,274,.606,0,3,.000,166,271,.613,.606,67,125,.536,138,306,444,33,45,27,75,117,399,0,,andre-drummond,756,11.3,0.89,12.7,10.0
Andre Iguodala,39,GSW,PF,8,0,113,7,15,.467,1,9,.111,6,6,1.000,.500,2,3,.667,3,14,17,19,4,3,9,11,17,0,,andre-iguodala,40,5.0,0.35,14.1,1.8
Andrew Nembhard,23,IND,SG,75,63,2073,284,644,.441,92,263,.350,192,381,.504,.512,49,62,.790,35,164,199,341,70,13,126,179,709,0,,andrew-nembhard,1027,13.7,0.5,27.6,6.8
Andrew Wiggins,27,GSW,SF,37,37,1190,250,529,.473,89,225,.396,161,304,.530,.557,44,72,.611,61,125,186,85,45,28,48,107,633,0,,andrew-wiggins,822,22.2,0.69,32.2,15.3
Anfernee Simons,23,POR,SG,62,62,2171,467,1045,.447,212,562,.377,255,483,.528,.548,160,179,.894,18,143,161,253,42,14,128,142,1306,0,,anfernee-simons,1506,24.3,0.69,35.0,16.8
Anthony Davis,29,LAL,C,56,54,1904,542,962,.563,19,74,.257,523,888,.589,.573,348,444,.784,195,507,702,148,59,114,122,146,1451,0,,anthony-davis,2206,39.4,1.16,34.0,45.6
Anthony Edwards,21,MIN,SG,79,79,2842,707,1541,.459,213,578,.369,494,963,.513,.528,319,422,.756,47,411,458,350,125,58,259,186,1946,0,AS,anthony-edwards,2492,31.5,0.88,36.0,27.7
Anthony Gill,30,WAS,PF,59,8,624,71,132,.538,4,29,.138,67,103,.650,.553,49,67,.731,37,62,99,34,7,12,15,70,195,0,,anthony-gill,262,4.4,0.42,10.6,1.9
Anthony Lamb,25,GSW,SF,62,4,1195,148,314,.471,73,199,.367,75,115,.652,.588,46,60,.767,56,159,215,96,28,20,54,134,415,0,,anthony-lamb,586,9.5,0.49,19.3,4.6
Austin Reaves,24,LAL,SG,64,22,1843,259,490,.529,86,216,.398,173,274,.631,.616,229,265,.864,33,160,193,215,33,19,99,108,833,0,6MOY-7,austin-reaves,1086,17.0,0.59,28.8,10.0
Austin Rivers,30,MIN,SG,52,10,1016,91,209,.435,43,123,.350,48,86,.558,.538,30,39,.769,5,78,83,75,28,4,23,80,255,0,,austin-rivers,342,6.6,0.34,19.5,2.2
Ayo Dosunmu,23,CHI,SG,80,51,2098,281,570,.493,59,189,.312,222,381,.583,.545,66,82,.805,45,175,220,206,62,26,99,182,687,0,,ayo-dosunmu,920,11.5,0.44,26.2,5.0
Bam Adebayo,25,MIA,C,75,75,2598,602,1114,.540,1,12,.083,601,1102,.545,.541,324,402,.806,184,504,688,240,88,61,187,208,1529,0,"DPOY-5,AS",bam-adebayo,2211,29.5,0.85,34.6,25.1
Ben Simmons,26,BRK,PG,42,33,1105,133,235,.566,0,2,.000,133,233,.571,.566,25,57,.439,40,223,263,256,54,24,97,139,291,1,,ben-simmons,652,15.5,0.59,26.3,9.2
Bennedict Mathurin,20,IND,SG,78,17,2222,413,951,.434,100,310,.323,313,641,.488,.487,376,454,.828,87,231,318,116,48,13,152,162,1302,0,"ROY-4,6MOY-8",bennedict-mathurin,1483,19.0,0.67,28.5,12.7
Bismack Biyombo,30,PHO,C,61,14,874,119,206,.578,0,0,,119,206,.578,.578,25,70,.357,89,171,260,56,18,88,51,114,263,0,,bismack-biyombo,520,8.5,0.59,14.3,5.1
Blake Griffin,33,BOS,C,41,16,569,63,130,.485,23,66,.348,40,64,.625,.573,21,32,.656,47,108,155,61,14,9,22,75,170,0,,blake-griffin,312,7.6,0.55,13.9,4.2
Blake Wesley,19,SAS,SG,37,1,669,69,215,.321,20,52,.385,49,163,.301,.367,26,44,.591,12,69,81,98,25,5,65,67,184,0,,blake-wesley,261,7.1,0.39,18.1,2.8
Boban Marjanović,34,HOU,C,31,0,171,41,60,.683,0,1,.000,41,59,.695,.683,20,27,.741,20,40,60,9,5,2,14,10,102,0,,boban-marjanovic,154,5.0,0.9,5.5,4.5
Bobby Portis,27,MIL,PF,70,22,1818,398,803,.496,95,257,.370,303,546,.555,.555,96,125,.768,154,518,672,105,29,16,81,115,987,0,6MOY-3,bobby-portis,1613,23.0,0.89,26.0,20.4
Bogdan Bogdanović,30,ATL,SG,54,9,1508,273,611,.447,146,360,.406,127,251,.506,.566,64,77,.831,23,142,165,150,43,18,65,86,756,0,,bogdan-bogdanovic,981,18.2,0.65,27.9,11.8
Bojan Bogdanović,33,DET,PF,59,59,1893,430,882,.488,145,353,.411,285,529,.539,.570,268,303,.884,36,187,223,152,34,8,135,113,1273,0,,bojan-bogdanovic,1442,24.4,0.76,32.1,18.6
Bol Bol,23,ORL,PF,70,33,1505,261,478,.546,30,113,.265,231,365,.633,.577,82,108,.759,69,336,405,69,30,85,112,92,634,0,,bol-bol,1019,14.6,0.68,21.5,9.9
Bones Hyland,22,2TM,PG,56,1,1085,228,571,.399,117,315,.371,111,256,.434,.502,86,102,.843,20,115,135,172,39,15,82,96,659,0,,bones-hyland,842,15.0,0.78,19.4,11.7
Bradley Beal,29,WAS,SG,50,50,1673,444,878,.506,80,219,.365,364,659,.552,.551,192,228,.842,41,155,196,271,45,33,145,107,1160,0,,bradley-beal,1453,29.1,0.87,33.5,25.2
Brandon Boston Jr.,21,LAC,SF,22,1,248,51,122,.418,12,29,.414,39,93,.419,.467,29,38,.763,7,23,30,20,9,0,12,21,143,0,,brandon-boston,169,7.7,0.68,11.3,5.2
Brandon Clarke,26,MEM,PF,56,8,1090,229,349,.656,1,6,.167,228,343,.665,.658,99,137,.723,92,218,310,72,34,37,55,131,558,0,,brandon-clarke,825,14.7,0.76,19.5,11.2
Brandon Ingram,25,NOP,SF,45,45,1538,404,835,.484,64,164,.390,340,671,.507,.522,240,272,.882,23,223,246,262,32,19,148,116,1112,2,,brandon-ingram,1407,31.3,0.91,34.2,28.6
Braxton Key,25,DET,SF,3,0,9,1,1,1.000,0,0,,1,1,1.000,1.000,2,2,1.000,0,1,1,0,0,0,0,0,4,0,,braxton-key,5,1.7,0.56,3.0,0.9
Brook Lopez,34,MIL,C,78,78,2373,477,899,.531,136,364,.374,341,535,.637,.606,149,190,.784,157,363,520,99,37,193,107,203,1239,0,DPOY-2,brook-lopez,1778,22.8,0.75,30.4,17.1
Bruce Brown,26,DEN,SF,80,31,2280,358,741,.483,91,254,.358,267,487,.548,.545,116,153,.758,63,265,328,268,87,51,123,190,923,1,,bruce-brown,1344,16.8,0.59,28.5,9.9
Bruno Fernando,24,2TM,C,39,4,405,59,112,.527,0,4,.000,59,108,.546,.527,35,50,.700,54,83,137,31,6,34,25,74,153,0,,bruno-fernando,262,6.7,0.65,10.4,4.3
Bryce McGowens,20,CHO,SG,46,7,787,80,202,.396,26,80,.325,54,122,.443,.460,60,80,.750,20,73,93,54,15,6,43,48,246,0,,bryce-mcgowens,323,7.0,0.41,17.1,2.9
Bryn Forbes,29,MIN,SG,25,0,268,30,83,.361,14,46,.304,16,37,.432,.446,15,15,1.000,4,11,15,17,7,2,12,22,89,0,,bryn-forbes,96,3.8,0.36,10.7,1.4
Buddy Boeheim,23,DET,SF,10,0,90,5,27,.185,4,25,.160,1,2,.500,.259,2,2,1.000,2,4,6,4,2,0,0,6,16,0,,buddy-boeheim,22,2.2,0.24,9.0,0.5
Buddy Hield,30,IND,SF,80,73,2482,475,1038,.458,288,677,.425,187,361,.518,.596,106,129,.822,67,333,400,225,92,26,139,156,1344,0,,buddy-hield,1792,22.4,0.72,31.0,16.2
Cade Cunningham,21,DET,PG,12,12,400,93,224,.415,17,61,.279,76,163,.466,.453,36,43,.837,12,62,74,72,10,7,39,34,239,0,,cade-cunningham,329,27.4,0.82,33.3,22.6
Caleb Houstan,20,ORL,SF,51,4,812,66,182,.363,46,136,.338,20,46,.435,.489,15,18,.833,34,65,99,30,12,7,18,63,193,0,,caleb-houstan,260,5.1,0.32,15.9,1.6
Caleb Martin,27,MIA,SF,71,49,2077,254,548,.464,84,236,.356,170,312,.545,.540,91,113,.805,88,256,344,117,71,31,78,145,683,0,,caleb-martin,1023,14.4,0.49,29.3,7.1
Cam Reddish,23,2TM,SF,40,20,990,139,312,.446,45,144,.313,94,168,.560,.518,64,75,.853,18,70,88,57,39,14,47,72,387,0,,cam-reddish,466,11.6,0.47,24.8,5.5
Cam Thomas,21,BRK,SG,57,4,948,201,456,.441,51,133,.383,150,323,.464,.497,151,174,.868,8,87,95,78,20,7,63,55,604,0,,cam-thomas,686,12.0,0.72,16.6,8.7
Cameron Johnson,26,2TM,PF,42,41,1199,223,474,.470,103,255,.404,120,219,.548,.579,101,120,.842,34,151,185,78,50,14,37,83,650,0,,cameron-johnson,857,20.4,0.71,28.5,14.6
Cameron Payne,28,PHO,PG,48,15,968,188,453,.415,68,185,.368,120,268,.448,.490,49,64,.766,12,94,106,214,33,8,81,88,493,0,,cameron-payne,685,14.3,0.71,20.2,10.1
Caris LeVert,28,CLE,SG,74,30,2237,320,742,.431,127,324,.392,193,418,.462,.517,130,180,.722,53,229,282,287,72,24,116,170,897,0,,caris-levert,1276,17.2,0.57,30.2,9.8
Carlik Jones,25,CHI,PG,7,0,56,6,15,.400,3,6,.500,3,9,.333,.500,5,8,.625,1,4,5,6,2,0,2,2,20,0,,carlik-jones,29,4.1,0.52,8.0,2.1
Cedi Osman,27,CLE,SF,77,2,1548,239,530,.451,116,312,.372,123,218,.564,.560,75,108,.694,25,151,176,115,35,11,52,122,669,0,,cedi-osman,832,10.8,0.54,20.1,5.8
Chance Comanche,26,POR,C,1,0,21,3,5,.600,0,0,,3,5,.600,.600,1,4,.250,2,1,3,0,0,1,0,0,7,0,,chance-comanche,11,11.0,0.52,21.0,5.8
Charles Bassey,22,SAS,C,35,2,508,87,135,.644,3,8,.375,84,127,.661,.656,22,37,.595,75,118,193,48,16,33,41,74,199,0,,charles-bassey,374,10.7,0.74,14.5,7.9
Chima Moneke,27,SAC,SF,2,0,8,1,2,.500,0,0,,1,2,.500,.500,0,2,.000,2,0,2,1,0,0,2,2,2,0,,chima-moneke,1,0.5,0.12,4.0,0.1
Chimezie Metu,25,SAC,PF,66,0,689,129,219,.589,9,38,.237,120,181,.663,.610,54,73,.740,47,151,198,40,22,21,32,81,321,0,,chimezie-metu,489,7.4,0.71,10.4,5.3
Chris Boucher,30,TOR,PF,76,0,1523,261,529,.493,62,189,.328,199,340,.585,.552,128,168,.762,157,264,421,29,47,64,41,143,712,0,,chris-boucher,1089,14.3,0.72,20.0,10.2
Chris Duarte,25,IND,SF,46,12,897,123,333,.369,55,174,.316,68,159,.428,.452,61,72,.847,19,96,115,64,25,9,41,65,362,0,,chris-duarte,469,10.2,0.52,19.5,5.3
Chris Paul,37,PHO,PG,59,59,1889,294,668,.440,98,261,.375,196,407,.482,.513,133,160,.831,27,224,251,524,91,22,114,126,819,0,,chris-paul,1467,24.9,0.78,32.0,19.3
Chris Silva,26,DAL,PF,1,0,3,1,1,1.000,0,0,,1,1,1.000,1.000,0,0,,0,0,0,0,0,0,1,2,2,0,,chris-silva,-1,-1.0,-0.33,3.0,0.3
Christian Braun,21,DEN,SG,76,6,1181,143,289,.495,34,96,.354,109,193,.565,.554,40,64,.625,48,133,181,59,41,17,35,101,360,0,,christian-braun,522,6.9,0.44,15.5,3.0
Christian Koloko,22,TOR,C,58,19,802,72,150,.480,1,12,.083,71,138,.514,.483,37,59,.627,84,87,171,31,21,57,20,128,182,0,,christian-koloko,314,5.4,0.39,13.8,2.1
Christian Wood,27,DAL,C,67,17,1738,396,769,.515,105,279,.376,291,490,.594,.583,217,281,.772,87,404,491,121,30,72,121,169,1114,0,6MOY-9,christian-wood,1538,23.0,0.88,25.9,20.3
Chuma Okeke,24,ORL,SF,27,8,518,43,122,.352,26,86,.302,17,36,.472,.459,16,21,.762,26,70,96,37,19,11,17,40,128,0,,chuma-okeke,234,8.7,0.45,19.2,3.9
CJ McCollum,31,NOP,PG,75,75,2649,587,1344,.437,211,543,.389,376,801,.469,.515,183,238,.769,55,273,328,429,70,38,183,153,1568,0,,cj-mccollum,2097,28.0,0.79,35.3,22.1
Clint Capela,28,ATL,C,65,63,1730,350,536,.653,0,1,.000,350,535,.654,.653,79,131,.603,258,459,717,58,45,79,54,139,779,0,,clint-capela,1485,22.8,0.86,26.6,19.6
Coby White,22,CHI,SG,74,2,1730,263,594,.443,128,344,.372,135,250,.540,.551,61,70,.871,16,196,212,204,54,6,74,122,715,0,,coby-white,995,13.4,0.58,23.4,7.7
Cody Martin,27,CHO,SF,7,0,134,14,36,.389,3,14,.214,11,22,.500,.431,4,7,.571,8,16,24,11,4,1,2,13,35,0,,cody-martin,60,8.6,0.45,19.1,3.8
Cody Zeller,30,MIA,C,15,2,217,37,59,.627,0,2,.000,37,57,.649,.627,24,35,.686,25,39,64,10,3,4,14,33,98,0,,cody-zeller,132,8.8,0.61,14.5,5.4
Cole Anthony,22,ORL,PG,60,4,1552,277,610,.454,75,206,.364,202,404,.500,.516,152,170,.894,47,241,288,235,37,31,91,158,781,0,,cole-anthony,1123,18.7,0.72,25.9,13.5
Cole Swider,23,LAL,SF,7,0,41,3,9,.333,3,8,.375,0,1,.000,.500,0,0,,1,6,7,4,0,0,0,3,9,0,,cole-swider,17,2.4,0.41,5.9,1.0
Collin Sexton,24,UTA,PG,48,15,1145,237,468,.506,48,122,.393,189,346,.546,.558,163,199,.819,37,68,105,138,27,6,85,112,685,0,,collin-sexton,764,15.9,0.67,23.9,10.6
Corey Kispert,23,WAS,SF,74,45,2093,291,585,.497,163,384,.424,128,201,.637,.637,75,88,.852,33,174,207,87,32,9,55,97,820,0,,corey-kispert,1003,13.6,0.48,28.3,6.5
Cory Joseph,31,DET,PG,62,2,1227,150,351,.427,70,180,.389,80,171,.468,.527,57,72,.792,21,85,106,217,34,9,56,88,427,0,,cory-joseph,649,10.5,0.53,19.8,5.5
Daishen Nix,20,HOU,PG,57,7,914,81,237,.342,40,140,.286,41,97,.423,.426,24,36,.667,18,80,98,132,31,7,86,59,226,0,,daishen-nix,349,6.1,0.38,16.0,2.3
Dalano Banton,23,TOR,PG,31,2,279,55,130,.423,15,51,.294,40,79,.506,.481,17,24,.708,11,34,45,36,13,13,18,34,142,0,,dalano-banton,197,6.4,0.71,9.0,4.5
Dalen Terry,20,CHI,SG,38,0,214,32,72,.444,7,27,.259,25,45,.556,.493,14,21,.667,12,25,37,22,11,5,8,24,85,0,,dalen-terry,128,3.4,0.6,5.6,2.0
Damian Jones,27,2TM,C,41,1,477,55,86,.640,10,17,.588,45,69,.652,.698,22,29,.759,42,80,122,15,8,21,23,55,142,0,,damian-jones,230,5.6,0.48,11.6,2.7
Damian Lillard,32,POR,PG,58,58,2107,556,1202,.463,244,658,.371,312,544,.574,.564,510,558,.914,44,233,277,425,50,18,191,109,1866,2,"CPOY-10,AS,NBA3",damian-lillard,2336,40.3,1.11,36.3,44.7
Damion Lee,30,PHO,SG,74,5,1506,200,452,.442,110,247,.445,90,205,.439,.564,94,104,.904,39,186,225,99,30,7,78,118,604,0,,damion-lee,769,10.4,0.51,20.4,5.3
D'Angelo Russell,26,2TM,PG,71,71,2304,445,948,.469,194,490,.396,251,458,.548,.572,179,216,.829,35,180,215,437,70,29,186,140,1263,0,,dangelo-russell,1688,23.8,0.73,32.5,17.4
Daniel Gafford,24,WAS,C,78,47,1604,289,395,.732,0,0,,289,395,.732,.732,127,187,.679,163,270,433,84,33,99,85,187,705,0,,daniel-gafford,1082,13.9,0.67,20.6,9.4
Daniel Theis,30,IND,C,7,1,109,21,44,.477,2,11,.182,19,33,.576,.500,5,12,.417,7,15,22,9,2,6,3,7,49,0,,daniel-theis,78,11.1,0.72,15.6,8.0
Danny Green,35,2TM,SG,11,0,138,22,49,.449,16,37,.432,6,12,.500,.612,1,1,1.000,3,11,14,6,6,3,10,16,61,0,,danny-green,64,5.8,0.46,12.5,2.7
Danuel House Jr.,29,PHI,SF,56,5,807,93,197,.472,37,110,.336,56,87,.644,.566,45,60,.750,9,85,94,44,14,9,26,69,268,0,,danuel-house,334,6.0,0.41,14.4,2.5
Dario Šarić,28,2TM,C,57,12,806,127,277,.458,45,115,.391,82,162,.506,.540,63,76,.829,53,154,207,74,20,7,55,99,362,0,,dario-saric,516,9.1,0.64,14.1,5.8
Darius Bazley,22,2TM,C,43,1,616,83,183,.454,20,53,.377,63,130,.485,.508,38,70,.543,34,104,138,38,22,34,27,44,224,0,,darius-bazley,385,9.0,0.62,14.3,5.6
Darius Days,23,HOU,SF,4,0,25,5,12,.417,3,10,.300,2,2,1.000,.542,2,2,1.000,1,5,6,1,0,1,0,2,15,0,,darius-days,21,5.2,0.84,6.2,4.4
Darius Garland,23,CLE,PG,69,69,2447,522,1129,.462,169,412,.410,353,717,.492,.537,277,321,.863,28,157,185,538,85,9,199,148,1490,0,,darius-garland,1960,28.4,0.8,35.5,22.8
David Duke Jr.,23,BRK,SG,23,0,228,36,78,.462,1,12,.083,35,66,.530,.468,12,17,.706,11,18,29,21,10,1,18,31,85,0,,david-duke,97,4.2,0.43,9.9,1.8
David Roddy,21,MEM,PF,70,4,1258,180,420,.429,65,212,.307,115,208,.553,.506,41,65,.631,50,143,193,59,29,19,57,107,466,0,,david-roddy,602,8.6,0.48,18.0,4.1
Davion Mitchell,24,SAC,PG,80,9,1447,181,399,.454,63,197,.320,118,202,.584,.533,25,31,.806,16,89,105,185,44,15,62,112,450,0,,davion-mitchell,625,7.8,0.43,18.1,3.4
Dāvis Bertāns,30,DAL,PF,45,1,492,69,160,.431,55,141,.390,14,19,.737,.603,13,15,.867,10,43,53,21,11,8,10,53,206,0,,davis-bertans,236,5.2,0.48,10.9,2.5
Davon Reed,27,2TM,SG,43,1,342,28,84,.333,17,46,.370,11,38,.289,.435,16,24,.667,10,49,59,23,15,4,20,39,89,0,,davon-reed,131,3.0,0.38,8.0,1.2
Day'Ron Sharpe,21,BRK,C,48,3,552,93,171,.544,6,11,.545,87,160,.544,.561,35,55,.636,99,101,200,37,15,32,42,89,227,0,,dayron-sharpe,380,7.9,0.69,11.5,5.4
De'Aaron Fox,25,SAC,PG,73,73,2435,682,1331,.512,119,367,.324,563,964,.584,.557,343,440,.780,40,266,306,447,83,23,181,172,1826,0,"MVP-11,CPOY-1,AS,NBA3",deaaron-fox,2332,31.9,0.96,33.4,30.6
Dean Wade,26,CLE,PF,44,13,891,73,177,.412,45,127,.354,28,50,.560,.540,15,23,.652,20,130,150,37,28,21,17,89,206,0,,dean-wade,336,7.6,0.38,20.2,2.9
Deandre Ayton,24,PHO,C,67,67,2035,522,887,.589,7,24,.292,515,863,.597,.592,152,200,.760,172,495,667,115,37,53,120,190,1203,0,,deandre-ayton,1765,26.3,0.87,30.4,22.8
De'Andre Hunter,25,ATL,SF,67,67,2126,379,822,.461,100,286,.350,279,536,.521,.522,171,207,.826,46,238,284,94,35,17,82,199,1029,0,,deandre-hunter,1178,17.6,0.55,31.7,9.7
DeAndre Jordan,34,DEN,C,39,8,586,88,115,.765,1,1,1.000,87,114,.763,.770,22,48,.458,52,150,202,34,12,23,48,71,199,0,,deandre-jordan,351,9.0,0.6,15.0,5.4
De'Anthony Melton,24,PHI,SG,77,58,2150,277,651,.425,157,403,.390,120,248,.484,.546,69,87,.793,69,243,312,197,126,41,102,191,780,0,,deanthony-melton,1163,15.1,0.54,27.9,8.2
Dejounte Murray,26,ATL,SG,74,74,2693,612,1319,.464,133,387,.344,479,932,.514,.514,158,190,.832,53,336,389,448,112,19,160,106,1515,1,,dejounte-murray,2217,30.0,0.82,36.4,24.7
Delon Wright,30,WAS,PG,50,14,1221,138,291,.474,41,119,.345,97,172,.564,.545,52,60,.867,58,122,180,194,92,17,44,59,369,0,,delon-wright,749,15.0,0.61,24.4,9.2
DeMar DeRozan,33,CHI,SF,74,74,2682,657,1303,.504,46,142,.324,611,1161,.526,.522,456,523,.872,34,309,343,377,83,36,153,186,1816,0,"CPOY-3,AS",demar-derozan,2316,31.3,0.86,36.2,27.0
Deni Avdija,22,WAS,SF,76,40,2020,253,579,.437,69,232,.297,184,347,.530,.497,122,165,.739,74,413,487,211,65,29,123,209,697,0,,deni-avdija,1157,15.2,0.57,26.6,8.7
Dennis Schröder,29,LAL,PG,66,50,1986,270,650,.415,74,225,.329,196,425,.461,.472,216,252,.857,21,144,165,298,50,10,112,145,830,0,,dennis-schroder,1096,16.6,0.55,30.1,9.2
Dennis Smith Jr.,25,CHO,PG,54,15,1390,186,452,.412,24,111,.216,162,341,.475,.438,78,106,.736,27,140,167,261,75,25,82,122,474,0,,dennis-smith,798,14.8,0.57,25.7,8.5
Deonte Burton,29,SAC,PF,2,0,6,0,2,.000,0,1,.000,0,1,.000,.000,0,0,,0,0,0,0,0,0,0,0,0,0,,deonte-burton,0,0.0,0.0,3.0,0.0
Dereon Seabron,22,NOP,SG,5,0,12,2,5,.400,0,0,,2,5,.400,.400,0,0,,1,0,1,0,0,0,0,1,4,0,,dereon-seabron,4,0.8,0.33,2.4,0.3
Derrick Jones Jr.,25,CHI,PF,64,0,893,115,230,.500,27,80,.338,88,150,.587,.559,62,84,.738,60,93,153,34,29,37,25,86,319,0,,derrick-jones,461,7.2,0.52,14.0,3.7
Derrick Rose,34,NYK,PG,27,0,338,61,159,.384,19,63,.302,42,96,.438,.443,11,12,.917,8,32,40,46,7,5,22,18,152,0,,derrick-rose,210,7.8,0.62,12.5,4.8
Derrick White,28,BOS,SG,82,70,2319,350,758,.462,149,391,.381,201,367,.548,.560,168,192,.875,52,241,293,321,54,76,95,177,1017,0,,derrick-white,1489,18.2,0.64,28.3,11.7
Desmond Bane,24,MEM,SG,58,58,1841,450,939,.479,166,407,.408,284,532,.534,.568,181,205,.883,43,248,291,254,56,22,126,150,1247,0,,desmond-bane,1594,27.5,0.87,31.7,23.8
Devin Booker,26,PHO,SG,53,53,1835,527,1067,.494,111,316,.351,416,751,.554,.546,306,358,.855,46,194,240,293,51,18,145,159,1471,0,,devin-booker,1769,33.4,0.96,34.6,32.2
Devin Vassell,22,SAS,SG,38,32,1178,261,595,.439,103,266,.387,158,329,.480,.525,78,100,.780,8,140,148,136,43,17,57,57,703,0,,devin-vassell,933,24.6,0.79,31.0,19.4
Devon Dotson,23,WAS,PG,6,0,53,1,10,.100,1,4,.250,0,6,.000,.150,0,0,,6,4,10,8,5,0,3,9,3,0,,devon-dotson,14,2.3,0.26,8.8,0.6
Devonte' Graham,27,2TM,PG,73,8,1338,161,431,.374,119,338,.352,42,93,.452,.512,98,131,.748,19,103,122,196,45,16,53,79,539,0,,devonte-graham,786,10.8,0.59,18.3,6.3
Dewayne Dedmon,33,2TM,C,38,1,426,77,151,.510,12,39,.308,65,112,.580,.550,33,49,.673,34,100,134,26,9,19,25,75,199,0,,dewayne-dedmon,287,7.6,0.67,11.2,5.1
Dillon Brooks,27,MEM,SF,73,73,2214,392,991,.396,143,439,.326,249,552,.451,.468,120,154,.779,45,199,244,189,65,16,104,240,1047,0,,dillon-brooks,1217,16.7,0.55,30.3,9.2
Domantas Sabonis,26,SAC,C,79,79,2736,577,938,.615,31,83,.373,546,855,.639,.632,325,438,.742,251,722,973,573,65,39,230,279,1510,14,"MVP-7,AS,NBA3",domantas-sabonis,2651,33.6,0.97,34.6,32.5
Dominick Barlow,19,SAS,PF,28,0,408,46,86,.535,0,4,.000,46,82,.561,.535,18,25,.720,46,56,102,24,10,19,15,56,110,0,,dominick-barlow,194,6.9,0.48,14.6,3.3
Donovan Mitchell,26,CLE,SG,68,68,2432,679,1402,.484,245,635,.386,434,767,.566,.572,319,368,.867,63,226,289,301,99,27,180,168,1922,0,"MVP-6,CPOY-6,AS,NBA2",donovan-mitchell,2290,33.7,0.94,35.8,31.7
Donovan Williams,21,ATL,SG,2,0,4,2,5,.400,0,2,.000,2,3,.667,.400,0,0,,0,2,2,0,0,0,0,0,4,0,,donovan-williams,6,3.0,1.5,2.0,4.5
Donte DiVincenzo,26,GSW,SG,72,36,1894,235,540,.435,150,378,.397,85,162,.525,.574,58,71,.817,80,245,325,252,97,10,112,133,678,0,,donte-divincenzo,1117,15.5,0.59,26.3,9.1
Dorian Finney-Smith,29,2TM,PF,66,66,2009,196,501,.391,114,338,.337,82,163,.503,.505,45,59,.763,114,202,316,100,55,36,62,144,551,0,,dorian-finney-smith,852,12.9,0.42,30.4,5.5
Doug McDermott,31,SAS,SF,64,0,1314,239,523,.457,123,298,.413,116,225,.516,.575,53,70,.757,23,116,139,91,13,6,58,118,654,0,,doug-mcdermott,727,11.4,0.55,20.5,6.3
Draymond Green,32,GSW,PF,73,73,2297,250,474,.527,40,131,.305,210,343,.612,.570,77,108,.713,66,459,525,500,74,60,204,229,617,0,DPOY-4,draymond-green,1343,18.4,0.58,31.5,10.8
Drew Eubanks,25,POR,C,78,28,1584,214,334,.641,7,18,.389,207,316,.655,.651,83,125,.664,132,286,418,103,40,102,67,169,518,0,,drew-eubanks,945,12.1,0.6,20.3,7.2
Dru Smith,25,2TM,SG,15,1,158,18,45,.400,5,19,.263,13,26,.500,.456,3,3,1.000,2,22,24,22,10,4,3,23,44,0,,dru-smith,78,5.2,0.49,10.5,2.6
Duane Washington Jr.,22,PHO,SG,31,3,394,94,256,.367,40,111,.360,54,145,.372,.445,16,24,.667,2,34,36,63,6,4,34,23,244,0,,duane-washington,296,9.5,0.75,12.7,7.2
Duncan Robinson,28,MIA,SF,42,1,691,88,237,.371,63,192,.328,25,45,.556,.504,29,32,.906,8,61,69,46,14,0,28,77,268,0,,duncan-robinson,292,7.0,0.42,16.5,2.9
Dwight Powell,31,DAL,C,76,64,1458,197,269,.732,0,5,.000,197,264,.746,.732,112,168,.667,149,165,314,69,48,26,65,209,506,0,,dwight-powell,689,9.1,0.47,19.2,4.3
Dylan Windler,26,CLE,SF,3,0,10,2,3,.667,1,2,.500,1,1,1.000,.833,0,0,,0,0,0,1,1,0,1,0,5,0,,dylan-windler,6,2.0,0.6,3.3,1.2
Dyson Daniels,19,NOP,PG,59,11,1042,87,208,.418,27,86,.314,60,122,.492,.483,26,40,.650,36,152,188,134,43,11,57,99,227,0,,dyson-daniels,447,7.6,0.43,17.7,3.3
Edmond Sumner,27,BRK,SG,53,12,736,124,269,.461,31,87,.356,93,182,.511,.519,99,108,.917,13,66,79,68,31,10,50,83,378,0,,edmond-sumner,433,8.2,0.59,13.9,4.8
Eric Gordon,34,2TM,SG,69,58,1965,291,653,.446,132,356,.371,159,297,.535,.547,142,173,.821,16,118,134,183,43,25,104,78,856,0,,eric-gordon,1059,15.3,0.54,28.5,8.3
Eugene Omoruyi,25,2TM,SF,40,6,645,101,228,.443,25,89,.281,76,139,.547,.498,51,75,.680,43,68,111,28,28,3,34,91,278,0,,eugene-omoruyi,323,8.1,0.5,16.1,4.0
Evan Fournier,30,NYK,SG,27,7,459,56,166,.337,35,114,.307,21,52,.404,.443,18,21,.857,4,45,49,36,16,3,22,46,165,0,,evan-fournier,201,7.4,0.44,17.0,3.3
Evan Mobley,21,CLE,PF,79,79,2715,525,947,.554,22,102,.216,503,845,.595,.566,205,304,.674,187,524,711,224,60,119,146,218,1277,0,DPOY-3,evan-mobley,2027,25.7,0.75,34.4,19.2
Facundo Campazzo,31,DAL,PG,8,0,52,3,13,.231,3,11,.273,0,2,.000,.346,1,2,.500,0,2,2,9,6,0,3,3,10,0,,facundo-campazzo,21,2.6,0.4,6.5,1.1
Frank Jackson,24,UTA,PG,1,0,5,0,3,.000,0,1,.000,0,2,.000,.000,0,0,,1,1,2,1,0,0,0,0,0,0,,frank-jackson,3,3.0,0.6,5.0,1.8
Frank Kaminsky,29,2TM,C,36,0,235,31,63,.492,13,33,.394,18,30,.600,.595,14,16,.875,7,45,52,32,6,4,9,22,89,0,,frank-kaminsky,152,4.2,0.65,6.5,2.7
Frank Ntilikina,24,DAL,SG,47,5,607,48,132,.364,17,67,.254,31,65,.477,.428,22,33,.667,7,55,62,58,16,7,29,65,135,0,,frank-ntilikina,184,3.9,0.3,12.9,1.2
Franz Wagner,21,ORL,SF,80,80,2609,542,1118,.485,130,360,.361,412,758,.544,.543,271,322,.842,70,259,329,283,77,17,167,183,1485,0,,franz-wagner,1841,23.0,0.71,32.6,16.2
Fred VanVleet,28,TOR,PG,69,69,2535,437,1112,.393,207,606,.342,230,506,.455,.486,254,283,.898,30,250,280,495,123,38,140,193,1335,1,,fred-vanvleet,1938,28.1,0.76,36.7,21.5
Furkan Korkmaz,25,PHI,SG,37,0,353,48,111,.432,18,46,.391,30,65,.462,.514,26,36,.722,6,36,42,22,10,3,24,18,140,0,,furkan-korkmaz,175,4.7,0.5,9.5,2.3
Gabe Vincent,26,MIA,PG,68,34,1759,228,567,.402,117,350,.334,111,217,.512,.505,68,78,.872,27,118,145,167,62,5,92,154,641,0,,gabe-vincent,774,11.4,0.44,25.9,5.0
Gabe York,29,IND,SG,3,0,56,8,21,.381,6,18,.333,2,3,.667,.524,2,2,1.000,0,6,6,5,2,0,0,5,24,0,,gabe-york,32,10.7,0.57,18.7,6.1
Garrett Temple,36,NOP,SG,25,0,162,18,45,.400,11,26,.423,7,19,.368,.522,3,4,.750,5,12,17,13,9,2,4,15,50,0,,garrett-temple,72,2.9,0.44,6.5,1.3
Garrison Mathews,26,2TM,SG,54,0,686,73,201,.363,63,180,.350,10,21,.476,.520,48,53,.906,11,62,73,26,24,5,19,62,257,0,,garrison-mathews,304,5.6,0.44,12.7,2.5
Gary Harris,28,ORL,SG,48,42,1184,138,307,.450,94,218,.431,44,89,.494,.603,27,30,.900,21,77,98,59,45,12,28,93,397,0,,gary-harris,490,10.2,0.41,24.7,4.2
Gary Payton II,30,2TM,SG,22,1,367,41,69,.594,13,26,.500,28,43,.651,.688,6,7,.857,24,45,69,30,22,5,16,43,101,0,,gary-payton,168,7.6,0.46,16.7,3.5
Gary Trent Jr.,24,TOR,SG,66,44,2118,405,935,.433,166,450,.369,239,485,.493,.522,172,205,.839,30,143,173,106,104,14,55,102,1148,0,,gary-trent,1388,21.0,0.66,32.1,13.8
George Hill,36,2TM,SG,46,1,834,78,166,.470,34,95,.358,44,71,.620,.572,42,55,.764,15,70,85,110,26,6,34,55,232,0,,george-hill,370,8.0,0.44,18.1,3.6
Georges Niang,29,PHI,PF,78,1,1512,222,502,.442,154,384,.401,68,118,.576,.596,39,45,.867,19,166,185,77,30,14,54,145,637,0,,georges-niang,744,9.5,0.49,19.4,4.7
Giannis Antetokounmpo,28,MIL,PF,63,63,2024,707,1278,.553,47,171,.275,660,1107,.596,.572,498,772,.645,137,605,742,359,52,51,246,197,1959,6,"MVP-3,DPOY-6,AS,NBA1",giannis-antetokounmpo,2720,43.2,1.34,32.1,58.0
Goga Bitadze,23,2TM,C,38,1,457,69,125,.552,6,26,.231,63,99,.636,.576,23,42,.548,61,76,137,39,16,26,22,64,167,0,,goga-bitadze,299,7.9,0.65,12.0,5.1
Goran Dragić,36,2TM,PG,58,0,870,141,335,.421,52,145,.359,89,190,.468,.499,31,45,.689,16,65,81,151,13,4,63,65,365,0,,goran-dragic,486,8.4,0.56,15.0,4.7
Gordon Hayward,32,CHO,SF,50,50,1577,276,581,.475,52,160,.325,224,421,.532,.520,129,159,.811,33,182,215,206,42,12,99,70,733,0,,gordon-hayward,1039,20.8,0.66,31.5,13.7
Gorgui Dieng,33,SAS,C,31,1,358,45,117,.385,21,75,.280,24,42,.571,.474,10,13,.769,27,80,107,53,4,14,32,57,121,0,,gorgui-dieng,210,6.8,0.59,11.5,4.0
Grant Williams,24,BOS,PF,79,23,2045,216,476,.454,115,291,.395,101,185,.546,.575,94,122,.770,87,276,363,131,41,31,82,192,641,0,,grant-williams,933,11.8,0.46,25.9,5.4
Grayson Allen,27,MIL,SG,72,70,1972,245,557,.440,146,366,.399,99,191,.518,.571,114,126,.905,61,176,237,163,62,14,72,117,750,0,,grayson-allen,1037,14.4,0.53,27.4,7.6
Greg Brown III,21,POR,PF,16,0,93,11,28,.393,1,7,.143,10,21,.476,.411,5,12,.417,2,17,19,3,4,5,6,13,28,0,,greg-brown,40,2.5,0.43,5.8,1.1
Hamidou Diallo,24,DET,SF,56,0,996,215,375,.573,5,21,.238,210,354,.593,.580,87,148,.588,57,137,194,55,53,16,71,124,522,0,,hamidou-diallo,645,11.5,0.65,17.8,7.5
Harrison Barnes,30,SAC,PF,82,82,2662,374,791,.473,132,353,.374,242,438,.553,.556,350,413,.847,87,279,366,128,57,10,86,103,1230,0,,harrison-barnes,1602,19.5,0.6,32.5,11.8
Haywood Highsmith,26,MIA,PF,54,11,969,93,216,.431,37,109,.339,56,107,.523,.516,13,28,.464,57,131,188,43,36,17,45,82,236,0,,haywood-highsmith,393,7.3,0.41,17.9,3.0
Herbert Jones,24,NOP,PF,66,66,1951,235,501,.469,56,167,.335,179,334,.536,.525,123,161,.764,97,172,269,162,103,42,88,208,649,0,,herbert-jones,929,14.1,0.48,29.6,6.7
Immanuel Quickley,23,NYK,SG,81,21,2344,419,936,.448,168,454,.370,251,482,.521,.537,203,248,.819,58,279,337,279,80,14,100,166,1209,0,6MOY-2,immanuel-quickley,1653,20.4,0.71,28.9,14.4
Isaac Okoro,22,CLE,SF,76,46,1652,175,354,.494,62,171,.363,113,183,.617,.582,78,103,.757,52,135,187,87,56,30,42,158,490,0,,isaac-okoro,650,8.6,0.39,21.7,3.4
Isaiah Hartenstein,24,NYK,C,82,8,1626,175,327,.535,8,37,.216,167,290,.576,.547,48,71,.676,209,327,536,102,53,64,66,213,406,0,,isaiah-hartenstein,882,10.8,0.54,19.8,5.8
Isaiah Jackson,21,IND,C,63,12,1042,179,318,.563,2,14,.143,177,304,.582,.566,95,146,.651,113,169,282,51,31,93,51,154,455,0,,isaiah-jackson,707,11.2,0.68,16.5,7.6
Isaiah Joe,23,OKC,SG,73,10,1395,224,508,.441,161,394,.409,63,114,.553,.599,82,100,.820,27,148,175,88,48,8,39,105,691,0,,isaiah-joe,866,11.9,0.62,19.1,7.4
Isaiah Livers,24,DET,PF,52,22,1199,120,288,.417,74,203,.365,46,85,.541,.545,32,39,.821,28,115,143,41,28,28,30,103,346,0,,isaiah-livers,453,8.7,0.38,23.1,3.3
Isaiah Mobley,23,CLE,PF,12,0,84,12,28,.429,3,8,.375,9,20,.450,.482,4,4,1.000,4,16,20,3,4,3,1,8,31,0,,isaiah-mobley,52,4.3,0.62,7.0,2.7
Isaiah Roby,24,SAS,PF,42,2,474,67,155,.432,18,60,.300,49,95,.516,.490,20,41,.488,21,86,107,38,18,7,31,53,172,0,,isaiah-roby,258,6.1,0.54,11.3,3.3
Isaiah Stewart,21,DET,C,50,47,1414,195,441,.442,67,205,.327,128,236,.542,.518,110,149,.738,115,288,403,70,20,34,68,133,567,0,,isaiah-stewart,893,17.9,0.63,28.3,11.3
Isaiah Todd,21,WAS,PF,6,1,61,3,19,.158,1,10,.100,2,9,.222,.184,2,2,1.000,2,10,12,4,1,0,2,4,9,0,,isaiah-todd,20,3.3,0.33,10.2,1.1
Ish Smith,34,DEN,PG,43,0,398,52,131,.397,2,12,.167,50,119,.420,.405,2,4,.500,5,49,54,100,8,7,44,33,108,0,,ish-smith,200,4.7,0.5,9.3,2.3
Ish Wainright,28,PHO,SF,60,2,915,84,227,.370,57,173,.329,27,54,.500,.496,26,31,.839,45,94,139,53,38,22,22,117,251,0,,ish-wainright,364,6.1,0.4,15.2,2.4
Ivica Zubac,25,LAC,C,76,76,2170,326,514,.634,0,2,.000,326,512,.637,.634,166,238,.697,236,520,756,77,29,98,117,219,818,0,,ivica-zubac,1442,19.0,0.66,28.6,12.6
Ja Morant,23,MEM,PG,61,59,1948,566,1214,.466,92,300,.307,474,914,.519,.504,372,497,.748,61,296,357,493,66,16,206,100,1596,7,"MVP-12,AS",ja-morant,2222,36.4,1.14,31.9,41.5
Jabari Smith Jr.,19,HOU,PF,79,79,2451,364,892,.408,120,391,.307,244,501,.487,.475,162,206,.786,122,447,569,101,43,74,104,227,1010,0,,jabari-smith,1466,18.6,0.6,31.0,11.1
Jabari Walker,20,POR,SF,56,0,619,83,198,.419,16,56,.286,67,142,.472,.460,34,45,.756,48,83,131,34,10,13,29,69,216,0,,jabari-walker,306,5.5,0.49,11.1,2.7
Jack White,25,DEN,SF,17,0,66,8,19,.421,3,9,.333,5,10,.500,.500,2,3,.667,6,11,17,4,3,2,2,9,21,0,,jack-white,36,2.1,0.55,3.9,1.2
Jacob Gilyard,24,MEM,PG,1,0,41,1,3,.333,1,3,.333,0,0,,.500,0,0,,0,4,4,7,3,0,2,3,3,0,,jacob-gilyard,12,12.0,0.29,41.0,3.5
Jaden Hardy,20,DAL,SG,48,5,708,146,333,.438,63,156,.404,83,177,.469,.533,65,79,.823,11,78,89,65,17,7,46,64,420,0,,jaden-hardy,488,10.2,0.69,14.8,7.0
Jaden Ivey,20,DET,SG,74,73,2304,409,983,.416,120,350,.343,289,633,.457,.477,266,356,.747,73,215,288,387,61,17,237,242,1204,0,ROY-6,jaden-ivey,1478,20.0,0.64,31.1,12.8
Jaden McDaniels,22,MIN,SF,79,79,2416,370,716,.517,107,269,.398,263,447,.588,.591,106,144,.736,92,215,307,148,74,76,112,272,953,0,,jaden-mcdaniels,1174,14.9,0.49,30.6,7.2
Jaden Springer,20,PHI,SG,16,2,89,17,35,.486,2,5,.400,15,30,.500,.514,6,8,.750,6,8,14,8,7,3,3,15,42,0,,jaden-springer,56,3.5,0.63,5.6,2.2
Jae Crowder,32,MIL,PF,18,3,340,45,94,.479,24,55,.436,21,39,.538,.606,10,12,.833,17,52,69,27,12,6,7,27,124,0,,jae-crowder,204,11.3,0.6,18.9,6.8
Jae'Sean Tate,27,HOU,SF,31,7,677,110,229,.480,13,46,.283,97,183,.530,.509,50,69,.725,41,77,118,84,21,7,47,106,283,0,,jaesean-tate,360,11.6,0.53,21.8,6.2
Jake LaRavia,21,MEM,PF,35,0,414,37,95,.389,24,71,.338,13,24,.542,.516,7,9,.778,19,44,63,21,12,4,18,49,105,0,,jake-laravia,138,3.9,0.33,11.8,1.3
Jakob Poeltl,27,2TM,C,72,71,1906,389,618,.629,0,1,.000,389,617,.630,.629,119,201,.592,236,417,653,197,66,86,125,195,897,0,,jakob-poeltl,1579,21.9,0.83,26.5,18.2
Jalen Brunson,26,NYK,PG,68,68,2379,587,1195,.491,134,322,.416,453,873,.519,.547,325,392,.829,40,201,241,421,61,15,142,152,1633,0,"MVP-12,CPOY-4",jalen-brunson,2077,30.5,0.87,35.0,26.7
Jalen Duren,19,DET,C,67,31,1670,258,398,.648,0,2,.000,258,396,.652,.648,96,157,.611,229,366,595,75,44,59,92,182,612,0,,jalen-duren,1111,16.6,0.67,24.9,11.0
Jalen Green,20,HOU,SG,76,76,2602,566,1359,.416,187,554,.338,379,805,.471,.485,364,463,.786,43,241,284,281,59,18,200,131,1683,0,,jalen-green,1994,26.2,0.77,34.2,20.1
Jalen Johnson,21,ATL,SF,70,6,1042,158,322,.491,30,104,.288,128,218,.587,.537,49,78,.628,51,231,282,83,38,34,41,113,395,0,,jalen-johnson,678,9.7,0.65,14.9,6.3
Jalen McDaniels,25,2TM,SF,80,24,1913,281,617,.455,77,232,.332,204,385,.530,.518,116,138,.841,63,283,346,130,83,34,93,209,755,0,,jalen-mcdaniels,1046,13.1,0.55,23.9,7.1
Jalen Smith,22,IND,C,68,31,1279,242,508,.476,54,191,.283,188,317,.593,.530,104,137,.759,129,265,394,66,21,60,72,153,642,0,,jalen-smith,958,14.1,0.75,18.8,10.6
Jalen Suggs,21,ORL,SG,53,19,1246,186,444,.419,66,202,.327,120,242,.496,.493,86,119,.723,55,106,161,155,67,27,94,120,524,0,,jalen-suggs,720,13.6,0.58,23.5,7.9
Jalen Williams,21,OKC,SG,75,62,2276,414,794,.521,73,205,.356,341,589,.579,.567,155,191,.812,84,253,337,248,103,35,123,191,1056,0,ROY-2,jalen-williams,1465,19.5,0.64,30.3,12.6
Jamal Cain,23,MIA,PF,18,0,240,37,66,.561,7,20,.350,30,46,.652,.614,17,22,.773,15,37,52,12,11,1,6,21,98,0,,jamal-cain,147,8.2,0.61,13.3,5.0
Jamal Murray,25,DEN,PG,65,65,2133,473,1041,.454,172,432,.398,301,609,.494,.537,180,216,.833,48,209,257,400,66,16,145,103,1298,1,,jamal-murray,1789,27.5,0.84,32.8,23.1
Jamaree Bouyea,23,2TM,PG,5,0,71,6,14,.429,2,6,.333,4,8,.500,.500,1,2,.500,1,5,6,4,4,2,4,6,15,0,,jamaree-bouyea,21,4.2,0.3,14.2,1.2
James Bouknight,22,CHO,SG,34,0,515,69,193,.358,33,109,.303,36,84,.429,.443,20,30,.667,8,64,72,41,14,5,32,49,191,0,,james-bouknight,242,7.1,0.47,15.1,3.3
James Harden,33,PHI,PG,58,58,2135,371,842,.441,161,418,.385,210,424,.495,.536,313,361,.867,40,314,354,618,71,31,195,112,1216,5,,james-harden,1983,34.2,0.93,36.8,31.8
James Johnson,35,IND,PF,18,1,162,22,49,.449,3,15,.200,19,34,.559,.480,4,8,.500,4,26,30,15,7,6,8,32,51,0,,james-johnson,69,3.8,0.43,9.0,1.6
James Wiseman,21,2TM,C,45,22,867,189,339,.558,4,20,.200,185,319,.580,.563,68,97,.701,73,194,267,30,7,27,51,108,450,0,,james-wiseman,622,13.8,0.72,19.3,9.9
JaMychal Green,32,GSW,PF,57,1,797,136,252,.540,42,111,.378,94,141,.667,.623,52,67,.776,72,133,205,51,25,23,52,105,366,0,,jamychal-green,513,9.0,0.64,14.0,5.8
Jared Butler,22,OKC,PG,6,1,77,15,32,.469,7,14,.500,8,18,.444,.578,0,0,,1,3,4,8,5,0,5,5,37,0,,jared-butler,44,7.3,0.57,12.8,4.2
Jared Rhoden,23,DET,SG,14,0,198,17,44,.386,5,20,.250,12,24,.500,.443,6,6,1.000,11,26,37,4,4,1,3,23,45,0,,jared-rhoden,65,4.6,0.33,14.1,1.5
Jaren Jackson Jr.,23,MEM,C,63,63,1787,416,822,.506,100,282,.355,316,540,.585,.567,241,306,.788,108,318,426,60,65,189,107,227,1173,0,"DPOY-1,AS",jaren-jackson,1579,25.1,0.88,28.4,22.1
Jarred Vanderbilt,23,2TM,PF,78,65,1879,247,451,.548,29,90,.322,218,361,.604,.580,96,139,.691,170,412,582,184,83,21,97,190,619,0,,jarred-vanderbilt,1202,15.4,0.64,24.1,9.9
Jarrell Brantley,26,UTA,PF,4,0,39,8,14,.571,4,9,.444,4,5,.800,.714,2,2,1.000,1,5,6,3,0,2,2,3,22,0,,jarrell-brantley,28,7.0,0.72,9.8,5.0
Jarrett Allen,24,CLE,C,68,68,2220,403,626,.644,1,10,.100,402,616,.653,.645,162,221,.733,221,445,666,113,54,84,93,153,969,0,,jarrett-allen,1640,24.1,0.74,32.6,17.8
Jarrett Culver,23,ATL,SF,10,1,137,17,43,.395,1,12,.083,16,31,.516,.407,9,13,.692,10,28,38,6,6,2,7,14,44,0,,jarrett-culver,75,7.5,0.55,13.7,4.1
Jason Preston,23,LAC,PG,14,0,124,18,41,.439,5,18,.278,13,23,.565,.500,0,2,.000,2,20,22,27,2,0,10,7,41,0,,jason-preston,75,5.4,0.6,8.9,3.2
JaVale McGee,35,DAL,C,42,7,355,80,125,.640,2,5,.400,78,120,.650,.648,24,41,.585,30,77,107,11,4,26,36,54,186,0,,javale-mcgee,244,5.8,0.69,8.5,4.0
Javonte Green,29,CHI,SF,32,1,480,61,108,.565,13,35,.371,48,73,.658,.625,30,45,.667,27,61,88,23,24,21,20,52,165,0,,javonte-green,249,7.8,0.52,15.0,4.0
Jaxson Hayes,22,NOP,C,47,2,610,86,156,.551,3,29,.103,83,127,.654,.561,58,83,.699,39,93,132,34,20,19,31,67,233,0,,jaxson-hayes,340,7.2,0.56,13.0,4.0
Jay Huff,24,WAS,C,7,0,95,15,25,.600,6,12,.500,9,13,.692,.720,15,16,.938,6,15,21,10,3,4,5,15,51,0,,jay-huff,69,9.9,0.73,13.6,7.2
Jay Scrubb,22,ORL,SG,2,0,30,5,7,.714,2,2,1.000,3,5,.600,.857,1,2,.500,0,6,6,1,2,0,3,2,13,0,,jay-scrubb,17,8.5,0.57,15.0,4.8
Jaylen Brown,26,BOS,SF,67,67,2405,679,1383,.491,163,487,.335,516,896,.576,.550,263,344,.765,78,381,459,232,75,26,197,172,1784,0,"AS,NBA2",jaylen-brown,2207,32.9,0.92,35.9,30.2
Jaylen Nowell,23,MIN,SG,65,2,1252,280,625,.448,67,232,.289,213,393,.542,.502,77,99,.778,36,134,170,132,42,5,65,101,704,0,,jaylen-nowell,887,13.6,0.71,19.3,9.7
Jaylin Williams,20,OKC,C,49,36,914,102,234,.436,46,113,.407,56,121,.463,.534,38,54,.704,44,197,241,76,28,12,37,111,288,0,,jaylin-williams,497,10.1,0.54,18.7,5.5
Jayson Tatum,24,BOS,SF,74,74,2732,727,1559,.466,240,686,.350,487,873,.558,.543,531,622,.854,78,571,649,342,78,51,213,160,2225,1,"MVP-4,CPOY-10,AS,NBA1",jayson-tatum,2972,40.2,1.09,36.9,43.7
JD Davison,20,BOS,SG,12,0,66,8,19,.421,2,7,.286,6,12,.500,.474,1,2,.500,2,7,9,11,2,2,4,5,19,0,,jd-davison,34,2.8,0.52,5.5,1.5
Jeenathan Williams,23,POR,SG,5,4,127,24,39,.615,3,8,.375,21,31,.677,.654,2,3,.667,10,5,15,10,3,2,4,13,53,0,,jeenathan-williams,66,13.2,0.52,25.4,6.9
Jeff Dowtin,25,TOR,PG,25,0,259,25,57,.439,5,16,.313,20,41,.488,.482,6,9,.667,6,17,23,31,9,3,5,13,61,0,,jeff-dowtin,109,4.4,0.42,10.4,1.8
Jeff Green,36,DEN,PF,56,4,1091,160,328,.488,30,104,.288,130,224,.580,.534,87,117,.744,38,106,144,69,18,17,46,99,437,0,,jeff-green,540,9.6,0.49,19.5,4.8
Jerami Grant,28,POR,PF,63,63,2246,434,913,.475,144,359,.401,290,554,.523,.554,278,342,.813,53,230,283,150,51,53,116,152,1290,0,,jerami-grant,1559,24.7,0.69,35.7,17.2
Jeremiah Robinson-Earl,22,OKC,PF,43,20,814,110,248,.444,37,111,.333,73,137,.533,.518,35,42,.833,71,109,180,43,24,11,19,71,292,0,,jeremiah-robinson-earl,460,10.7,0.57,18.9,6.0
Jeremy Sochan,19,SAS,PF,56,53,1458,250,552,.453,33,134,.246,217,418,.519,.483,81,116,.698,95,200,295,142,43,23,97,138,614,0,,jeremy-sochan,882,15.8,0.6,26.0,9.5
Jericho Sims,24,NYK,C,52,16,812,83,107,.776,0,1,.000,83,106,.783,.776,12,16,.750,99,143,242,25,15,28,27,96,178,0,,jericho-sims,365,7.0,0.45,15.6,3.2
Jevon Carter,27,MIL,PG,81,39,1810,239,565,.423,142,337,.421,97,228,.425,.549,31,38,.816,35,167,202,197,66,29,78,158,651,0,,jevon-carter,909,11.2,0.5,22.3,5.6
Jimmy Butler,33,MIA,PF,64,64,2138,479,888,.539,36,103,.350,443,785,.564,.560,472,555,.850,141,234,375,340,117,21,101,80,1466,0,"MVP-10,DPOY-12,CPOY-2,NBA2",jimmy-butler,2138,33.4,1.0,33.4,33.4
Jock Landale,27,PHO,C,69,4,979,178,337,.528,21,84,.250,157,253,.621,.559,79,105,.752,119,161,280,68,16,30,59,126,456,0,,jock-landale,665,9.6,0.68,14.2,6.5
Joe Harris,31,BRK,SF,74,33,1527,201,440,.457,142,333,.426,59,107,.551,.618,18,28,.643,23,141,164,101,34,13,41,140,562,0,,joe-harris,693,9.4,0.45,20.6,4.3
Joe Ingles,35,MIL,SF,46,0,1044,108,248,.435,83,203,.409,25,45,.556,.603,18,21,.857,13,115,128,150,33,6,55,74,317,0,,joe-ingles,505,11.0,0.48,22.7,5.3
Joe Wieskamp,23,TOR,SF,9,0,50,3,14,.214,3,12,.250,0,2,.000,.321,0,0,,0,4,4,3,0,0,1,3,9,0,,joe-wieskamp,12,1.3,0.24,5.6,0.3
Joel Embiid,28,PHI,C,66,66,2284,728,1328,.548,66,200,.330,662,1128,.587,.573,661,771,.857,113,557,670,274,66,112,226,205,2183,1,"MVP-1,DPOY-9,CPOY-5,AS,NBA1",joel-embiid,2874,43.5,1.26,34.6,54.8
John Butler,20,POR,C,19,1,221,17,53,.321,8,35,.229,9,18,.500,.396,3,4,.750,3,14,17,11,7,9,1,22,45,0,,john-butler,66,3.5,0.3,11.6,1.0
John Collins,25,ATL,PF,71,71,2130,359,707,.508,70,240,.292,289,467,.619,.557,143,178,.803,77,385,462,85,42,73,79,220,931,0,,john-collins,1294,18.2,0.61,30.0,11.1
John Konchar,26,MEM,SF,72,23,1494,138,320,.431,60,177,.339,78,143,.545,.525,28,36,.778,64,246,310,100,77,25,37,112,364,0,,john-konchar,727,10.1,0.49,20.8,4.9
John Wall,32,LAC,PG,34,3,755,138,338,.408,33,109,.303,105,229,.459,.457,77,113,.681,14,78,92,178,27,12,80,59,386,0,,john-wall,556,16.4,0.74,22.2,12.0
Johnny Davis,20,WAS,SG,28,5,423,66,171,.386,17,70,.243,49,101,.485,.436,14,27,.519,10,55,65,28,10,8,17,48,163,0,,johnny-davis,209,7.5,0.49,15.1,3.7
Johnny Juzang,21,UTA,SG,18,0,232,35,104,.337,15,63,.238,20,41,.488,.409,2,4,.500,8,31,39,8,4,3,3,13,87,0,,johnny-juzang,125,6.9,0.54,12.9,3.7
Jonas Valančiūnas,30,NOP,C,79,79,1968,446,816,.547,38,109,.349,408,707,.577,.570,185,224,.826,225,579,804,140,20,52,159,245,1115,0,,jonas-valanciunas,1727,21.9,0.88,24.9,19.2
Jonathan Isaac,25,ORL,PF,11,0,124,22,53,.415,6,15,.400,16,38,.421,.472,5,9,.556,15,29,44,6,14,4,4,5,55,0,,jonathan-isaac,114,10.4,0.92,11.3,9.5
Jonathan Kuminga,20,GSW,PF,67,16,1394,261,497,.525,54,146,.370,207,351,.590,.579,90,138,.652,70,161,231,125,41,31,95,157,666,0,,jonathan-kuminga,842,12.6,0.6,20.8,7.6
Jordan Clarkson,30,UTA,SG,61,61,1988,458,1031,.444,155,459,.338,303,572,.530,.519,200,245,.816,72,174,246,270,33,13,186,120,1271,0,,jordan-clarkson,1527,25.0,0.77,32.6,19.2
Jordan Goodwin,24,WAS,PG,62,7,1106,158,353,.448,38,118,.322,120,235,.511,.501,53,69,.768,57,148,205,168,58,26,57,95,407,0,,jordan-goodwin,712,11.5,0.64,17.8,7.4
Jordan Hall,21,SAS,SF,9,0,83,9,28,.321,3,15,.200,6,13,.462,.375,7,9,.778,3,9,12,11,1,0,7,6,28,0,,jordan-hall,39,4.3,0.47,9.2,2.0
Jordan McLaughlin,26,MIN,PG,43,0,678,61,145,.421,24,78,.308,37,67,.552,.503,15,18,.833,15,47,62,148,32,4,33,28,161,0,,jordan-mclaughlin,346,8.0,0.51,15.8,4.1
Jordan Nwora,24,2TM,SF,62,14,1188,194,445,.436,86,211,.408,108,234,.462,.533,68,86,.791,51,178,229,88,24,14,66,74,542,0,,jordan-nwora,757,12.2,0.64,19.2,7.8
Jordan Poole,23,GSW,PG,82,43,2458,550,1278,.430,214,637,.336,336,641,.524,.514,361,415,.870,32,193,225,369,63,21,252,214,1675,0,,jordan-poole,1887,23.0,0.77,30.0,17.7
Jordan Schakel,24,WAS,SF,2,0,6,1,2,.500,1,1,1.000,0,1,.000,.750,0,0,,0,0,0,1,1,0,0,1,3,0,,jordan-schakel,4,2.0,0.67,3.0,1.3
Jose Alvarado,24,NOP,PG,61,10,1310,201,489,.411,83,247,.336,118,242,.488,.496,65,80,.813,28,113,141,186,67,10,81,125,550,0,,jose-alvarado,748,12.3,0.57,21.5,7.0
Josh Christopher,21,HOU,SG,64,2,786,153,329,.465,21,89,.236,132,240,.550,.497,45,60,.750,20,51,71,73,33,15,60,59,372,0,,josh-christopher,445,7.0,0.57,12.3,3.9
Josh Giddey,20,OKC,PF,76,76,2367,539,1118,.482,76,234,.325,463,884,.524,.516,106,145,.731,148,451,599,469,57,31,211,143,1260,4,,josh-giddey,2062,27.1,0.87,31.1,23.6
Josh Green,22,DAL,SG,60,21,1539,205,382,.537,68,169,.402,137,213,.643,.626,68,94,.723,55,127,182,103,42,5,72,156,546,0,,josh-green,650,10.8,0.42,25.6,4.6
Josh Hart,27,2TM,SF,76,52,2454,275,520,.529,61,164,.372,214,356,.601,.588,132,176,.750,142,451,593,290,88,21,117,195,743,0,,josh-hart,1423,18.7,0.58,32.3,10.9
Josh Minott,20,MIN,SF,15,0,96,18,36,.500,2,6,.333,16,30,.533,.528,8,8,1.000,5,20,25,5,4,6,3,10,46,0,,josh-minott,73,4.9,0.76,6.4,3.7
Josh Okogie,24,PHO,SG,72,26,1350,162,414,.391,66,197,.335,96,217,.442,.471,139,192,.724,109,142,251,105,56,34,63,114,529,0,,josh-okogie,798,11.1,0.59,18.8,6.6
Josh Richardson,29,2TM,SG,65,10,1530,239,554,.431,107,293,.365,132,261,.506,.528,69,81,.852,41,134,175,174,69,20,86,117,654,0,,josh-richardson,889,13.7,0.58,23.5,7.9
Joshua Primo,20,SAS,SG,4,0,93,9,26,.346,3,12,.250,6,14,.429,.404,7,9,.778,2,11,13,18,1,2,11,8,28,0,,joshua-primo,43,10.8,0.46,23.2,5.0
Jrue Holiday,32,MIL,PG,67,65,2183,490,1023,.479,158,411,.384,332,612,.542,.556,152,177,.859,79,262,341,495,79,25,197,116,1290,0,"DPOY-7,AS",jrue-holiday,1917,28.6,0.88,32.6,25.1
JT Thor,20,CHO,PF,69,8,969,95,238,.399,39,123,.317,56,115,.487,.481,33,47,.702,36,116,152,36,22,23,44,66,262,0,,jt-thor,385,5.6,0.4,14.0,2.2
Juan Toscano-Anderson,29,2TM,SF,52,9,700,64,143,.448,8,43,.186,56,100,.560,.476,19,24,.792,28,96,124,65,16,10,34,80,155,0,,juan-toscano-anderson,256,4.9,0.37,13.5,1.8
Juancho Hernangómez,27,TOR,PF,42,10,614,48,114,.421,17,67,.254,31,47,.660,.496,9,16,.563,27,96,123,25,16,6,15,43,122,0,,juancho-hernangomez,234,5.6,0.38,14.6,2.1
Julian Champagnie,21,2TM,SF,17,3,320,59,130,.454,33,82,.402,26,48,.542,.581,14,17,.824,10,50,60,10,6,5,11,26,165,0,,julian-champagnie,209,12.3,0.65,18.8,8.0
Julius Randle,28,NYK,PF,77,77,2737,658,1432,.459,218,636,.343,440,796,.553,.536,402,531,.757,141,626,767,316,49,21,216,233,1936,0,"CPOY-14,AS,NBA3",julius-randle,2640,34.3,0.96,35.5,33.1
Justin Champagnie,21,2TM,SF,5,0,34,5,15,.333,1,5,.200,4,10,.400,.367,0,0,,3,5,8,4,1,0,0,2,11,0,,justin-champagnie,22,4.4,0.65,6.8,2.8
Justin Holiday,33,2TM,SF,46,2,706,77,204,.377,46,143,.322,31,61,.508,.490,5,8,.625,5,50,55,41,19,19,22,68,205,0,,justin-holiday,249,5.4,0.35,15.3,1.9
Justin Jackson,27,BOS,SF,23,0,107,7,27,.259,5,20,.250,2,7,.286,.352,1,2,.500,2,15,17,9,4,4,2,7,20,0,,justin-jackson,45,2.0,0.42,4.7,0.8
Justin Minaya,23,POR,SF,4,0,89,7,23,.304,3,12,.250,4,11,.364,.370,0,1,.000,3,12,15,4,2,5,4,9,17,0,,justin-minaya,30,7.5,0.34,22.2,2.5
Justise Winslow,26,POR,PF,29,11,776,81,198,.409,14,45,.311,67,153,.438,.444,20,28,.714,49,96,145,98,30,11,43,89,196,0,,justise-winslow,348,12.0,0.45,26.8,5.4
Jusuf Nurkić,28,POR,C,52,52,1391,262,505,.519,43,119,.361,219,386,.567,.561,127,192,.661,114,357,471,149,43,44,119,185,694,0,,jusuf-nurkic,1097,21.1,0.79,26.8,16.6
Kai Jones,22,CHO,C,46,0,550,67,120,.558,4,19,.211,63,101,.624,.575,19,26,.731,37,86,123,15,17,30,31,65,157,0,,kai-jones,246,5.3,0.45,12.0,2.4
Karl-Anthony Towns,27,MIN,PF,29,29,957,212,428,.495,60,164,.366,152,264,.576,.565,118,135,.874,48,188,236,140,20,17,86,111,602,0,,karl-anthony-towns,818,28.2,0.85,33.0,24.1
Kawhi Leonard,31,LAC,SF,52,50,1748,446,871,.512,104,250,.416,342,621,.551,.572,243,279,.871,57,281,338,204,72,28,88,84,1239,0,,kawhi-leonard,1709,32.9,0.98,33.6,32.1
Keegan Murray,22,SAC,SF,80,78,2382,354,782,.453,206,501,.411,148,281,.527,.584,62,81,.765,89,282,371,98,61,42,60,162,976,0,ROY-5,keegan-murray,1326,16.6,0.56,29.8,9.2
Keita Bates-Diop,27,SAS,PF,67,42,1452,236,465,.508,56,142,.394,180,323,.557,.568,119,150,.793,65,183,248,103,46,20,56,63,647,0,,keita-bates-diop,945,14.1,0.65,21.7,9.2
Keldon Johnson,23,SAS,SF,63,63,2063,503,1113,.452,134,407,.329,369,706,.523,.512,245,327,.749,56,262,318,183,46,11,134,125,1385,0,,keldon-johnson,1684,26.7,0.82,32.7,21.8
Kelly Olynyk,31,UTA,C,68,68,1942,278,557,.499,93,236,.394,185,321,.576,.583,198,232,.853,82,338,420,252,60,37,168,232,847,0,,kelly-olynyk,1216,17.9,0.63,28.6,11.2
Kelly Oubre Jr.,27,CHO,SF,48,40,1548,353,819,.431,108,339,.319,245,480,.510,.497,158,208,.760,65,184,249,54,68,18,64,141,972,0,,kelly-oubre,1156,24.1,0.75,32.2,18.0
Kemba Walker,32,DAL,PG,9,1,144,24,57,.421,7,28,.250,17,29,.586,.482,17,21,.810,3,13,16,19,2,2,4,11,72,0,,kemba-walker,96,10.7,0.67,16.0,7.1
Kendall Brown,19,IND,SG,6,0,40,4,7,.571,0,1,.000,4,6,.667,.571,1,2,.500,2,4,6,3,4,0,2,9,9,0,,kendall-brown,11,1.8,0.28,6.7,0.5
Kendrick Nunn,27,2TM,SG,70,2,964,191,450,.424,79,223,.354,112,227,.493,.512,35,41,.854,15,94,109,90,28,7,66,66,496,0,,kendrick-nunn,598,8.5,0.62,13.8,5.3
Kennedy Chandler,20,MEM,PG,36,0,281,35,83,.422,2,15,.133,33,68,.485,.434,6,13,.462,9,29,38,58,12,5,18,15,78,0,,kennedy-chandler,158,4.4,0.56,7.8,2.5
Kenneth Lofton Jr.,20,MEM,PF,24,1,176,49,93,.527,6,17,.353,43,76,.566,.559,16,27,.593,19,32,51,20,5,2,12,28,120,0,,kenneth-lofton,158,6.6,0.9,7.3,5.9
Kenrich Williams,28,OKC,PF,53,10,1206,179,346,.517,50,134,.373,129,212,.608,.590,17,39,.436,97,164,261,105,45,14,32,112,425,0,,kenrich-williams,706,13.3,0.59,22.8,7.8
Kentavious Caldwell-Pope,29,DEN,SG,76,76,2381,292,632,.462,135,319,.423,157,313,.502,.569,103,125,.824,35,173,208,183,112,35,86,145,822,0,,kentavious-caldwell-pope,1129,14.9,0.47,31.3,7.0
Keon Ellis,23,SAC,SG,16,0,71,7,16,.438,6,12,.500,1,4,.250,.625,4,7,.571,4,4,8,6,5,1,1,10,24,0,,keon-ellis,33,2.1,0.46,4.4,1.0
Keon Johnson,20,POR,SG,40,0,416,67,178,.376,28,81,.346,39,97,.402,.455,27,41,.659,11,33,44,59,19,6,43,43,189,0,,keon-johnson,231,5.8,0.56,10.4,3.2
Kessler Edwards,22,2TM,SF,36,4,385,36,93,.387,17,55,.309,19,38,.500,.478,11,15,.733,23,38,61,23,14,6,13,40,100,0,,kessler-edwards,151,4.2,0.39,10.7,1.6
Kevin Durant,34,2TM,PF,47,47,1672,483,862,.560,93,230,.404,390,632,.617,.614,307,334,.919,17,296,313,235,34,67,156,99,1366,1,AS,kevin-durant,1760,37.4,1.05,35.6,39.4
Kevin Huerter,24,SAC,SG,75,75,2203,420,866,.485,205,510,.402,215,356,.604,.603,95,131,.725,42,209,251,221,80,24,97,181,1140,0,,kevin-huerter,1438,19.2,0.65,29.4,12.5
Kevin Knox,23,2TM,SF,63,5,952,152,332,.458,65,186,.349,87,146,.596,.556,46,60,.767,34,143,177,33,24,12,50,95,415,0,,kevin-knox,516,8.2,0.54,15.1,4.4
Kevin Love,34,2TM,PF,62,20,1240,165,424,.389,99,296,.334,66,128,.516,.506,80,91,.879,59,340,399,116,16,12,70,97,509,0,,kevin-love,885,14.3,0.71,20.0,10.2
Kevin Porter Jr.,22,HOU,PG,59,59,2024,391,884,.442,141,385,.366,250,499,.501,.522,207,264,.784,76,238,314,338,82,17,188,156,1130,1,,kevin-porter,1537,26.1,0.76,34.3,19.8
Kevon Harris,25,ORL,SG,34,0,457,47,107,.439,16,43,.372,31,64,.484,.514,31,41,.756,28,42,70,16,17,5,21,53,141,0,,kevon-harris,175,5.1,0.38,13.4,2.0
Kevon Looney,26,GSW,C,82,70,1958,242,384,.630,0,1,.000,242,383,.632,.630,94,155,.606,274,486,760,207,52,50,45,225,578,0,,kevon-looney,1377,16.8,0.7,23.9,11.8
Khem Birch,30,TOR,C,20,0,162,19,32,.594,1,2,.500,18,30,.600,.609,4,5,.800,8,17,25,7,5,5,8,24,43,0,,khem-birch,53,2.6,0.33,8.1,0.9
Khris Middleton,31,MIL,SF,33,19,801,177,406,.436,51,162,.315,126,244,.516,.499,92,102,.902,28,112,140,163,23,5,71,68,497,0,,khris-middleton,689,20.9,0.86,24.3,18.0
Killian Hayes,21,DET,PG,76,56,2154,307,815,.377,80,286,.280,227,529,.429,.426,92,112,.821,28,193,221,470,104,28,173,219,786,0,,killian-hayes,1217,16.0,0.56,28.3,9.0
Kira Lewis Jr.,21,NOP,PG,25,0,235,40,88,.455,15,34,.441,25,54,.463,.540,19,22,.864,5,28,33,23,10,2,10,24,114,0,,kira-lewis,148,5.9,0.63,9.4,3.7
KJ Martin,22,HOU,SF,82,49,2292,410,720,.569,68,216,.315,342,504,.679,.617,151,222,.680,126,326,452,123,41,30,91,147,1039,0,,kj-martin,1447,17.6,0.63,28.0,11.1
Klay Thompson,32,GSW,SF,69,69,2279,546,1252,.436,301,731,.412,245,521,.470,.556,116,132,.879,39,247,286,163,49,29,123,130,1509,0,,klay-thompson,1783,25.8,0.78,33.0,20.2
Kobi Simmons,25,CHO,SG,5,0,28,1,6,.167,1,5,.200,0,1,.000,.250,2,2,1.000,1,3,4,5,0,2,1,0,5,0,,kobi-simmons,15,3.0,0.54,5.6,1.6
Kris Dunn,28,UTA,PG,22,3,568,116,216,.537,17,36,.472,99,180,.550,.576,41,53,.774,9,91,100,124,25,10,35,58,290,0,,kris-dunn,456,20.7,0.8,25.8,16.6
Kristaps Porziņģis,27,WAS,C,65,65,2120,507,1018,.498,137,356,.385,370,662,.559,.565,354,416,.851,114,432,546,174,58,100,137,196,1505,0,,kristaps-porzingis,2050,31.5,0.97,32.6,30.5
Kyle Anderson,29,MIN,PF,69,46,1957,252,495,.509,43,105,.410,209,390,.536,.553,100,136,.735,66,302,368,335,78,63,103,146,647,3,,kyle-anderson,1242,18.0,0.63,28.4,11.4
Kyle Kuzma,27,WAS,PF,64,64,2239,512,1142,.448,160,481,.333,352,661,.533,.518,173,237,.730,55,408,463,239,36,29,190,145,1357,1,,kyle-kuzma,1789,28.0,0.8,35.0,22.3
Kyle Lowry,36,MIA,PG,55,44,1718,196,485,.404,107,310,.345,89,175,.509,.514,116,135,.859,43,182,225,281,57,21,103,143,615,1,,kyle-lowry,953,17.3,0.55,31.2,9.6
Kyrie Irving,30,2TM,SG,60,60,2241,594,1203,.494,188,496,.379,406,707,.574,.572,247,273,.905,59,245,304,331,66,45,128,165,1623,0,"CPOY-12,AS",kyrie-irving,2076,34.6,0.93,37.4,32.1
KZ Okpala,23,SAC,PF,35,3,248,16,38,.421,7,21,.333,9,17,.529,.513,7,8,.875,7,27,34,13,7,7,7,39,46,0,,kz-okpala,61,1.7,0.25,7.1,0.4
Lamar Stevens,25,CLE,SF,62,25,1120,129,288,.448,30,95,.316,99,193,.513,.500,40,57,.702,48,159,207,33,27,19,27,79,328,0,,lamar-stevens,508,8.2,0.45,18.1,3.7
LaMelo Ball,21,CHO,PG,36,36,1268,296,721,.411,144,383,.376,152,338,.450,.510,102,122,.836,42,189,231,304,46,11,129,118,838,3,,lamelo-ball,1183,32.9,0.93,35.2,30.7
Landry Shamet,25,PHO,SG,40,9,807,113,300,.377,75,199,.377,38,101,.376,.502,45,51,.882,11,56,67,93,26,5,36,61,346,0,,landry-shamet,440,11.0,0.55,20.2,6.0
Larry Nance Jr.,30,NOP,C,65,1,1381,186,305,.610,14,42,.333,172,263,.654,.633,55,79,.696,106,248,354,119,56,37,42,133,441,0,,larry-nance,832,12.8,0.6,21.2,7.7
Lauri Markkanen,25,UTA,PF,66,66,2273,571,1145,.499,200,511,.391,371,634,.585,.586,349,399,.875,130,440,570,123,42,38,127,137,1691,0,"MIP-1,AS",lauri-markkanen,2200,33.3,0.97,34.4,32.3
Leandro Bolmaro,22,UTA,SF,14,0,68,3,20,.150,0,4,.000,3,16,.188,.150,0,0,,4,3,7,7,3,1,7,10,6,0,,leandro-bolmaro,7,0.5,0.1,4.9,0.1
LeBron James,38,LAL,PF,55,54,1954,609,1219,.500,121,377,.321,488,842,.580,.549,251,327,.768,65,392,457,375,50,32,178,88,1590,2,"AS,NBA3",lebron-james,2238,40.7,1.15,35.5,46.6
Lester Quiñones,22,GSW,SG,4,0,18,2,5,.400,2,4,.500,0,1,.000,.600,4,6,.667,1,2,3,2,1,0,5,0,10,0,,lester-quinones,11,2.8,0.61,4.5,1.7
Lindell Wigginton,24,MIL,PG,7,1,87,18,37,.486,6,18,.333,12,19,.632,.568,8,9,.889,0,7,7,14,0,2,12,7,50,0,,lindell-wigginton,54,7.7,0.62,12.4,4.8
Lindy Waters III,25,OKC,SG,41,0,531,70,178,.393,58,162,.358,12,16,.750,.556,16,20,.800,16,59,75,28,14,11,10,42,214,0,,lindy-waters,290,7.1,0.55,13.0,3.9
Lonnie Walker IV,24,LAL,SG,56,32,1297,236,527,.448,91,249,.365,145,278,.522,.534,91,106,.858,14,95,109,64,30,17,46,71,654,0,,lonnie-walker,757,13.5,0.58,23.2,7.9
Louis King,23,PHI,PF,1,0,29,8,13,.615,4,8,.500,4,5,.800,.769,0,1,.000,2,2,4,2,1,0,2,4,20,0,,louis-king,21,21.0,0.72,29.0,15.2
Luguentz Dort,23,OKC,SF,74,73,2272,339,873,.388,135,409,.330,204,464,.440,.466,200,259,.772,128,216,344,154,75,23,92,243,1013,0,,luguentz-dort,1274,17.2,0.56,30.7,9.7
Luka Dončić,23,DAL,PG,66,66,2391,719,1449,.496,185,541,.342,534,908,.588,.560,515,694,.742,54,515,569,529,90,33,236,166,2138,10,"MVP-8,CPOY-8,AS,NBA1",luka-doncic,2957,44.8,1.24,36.2,55.4
Luka Garza,24,MIN,C,28,0,243,63,116,.543,14,39,.359,49,77,.636,.603,41,52,.788,33,30,63,18,3,2,14,43,181,0,,luka-garza,210,7.5,0.86,8.7,6.5
Luka Šamanić,23,UTA,PF,7,4,161,26,57,.456,8,31,.258,18,26,.692,.526,9,13,.692,0,30,30,15,6,2,10,17,69,0,,luka-samanic,95,13.6,0.59,23.0,8.0
Luke Kennard,26,2TM,SG,59,14,1315,188,382,.492,133,269,.494,55,113,.487,.666,37,39,.949,15,143,158,91,32,5,46,82,546,0,,luke-kennard,704,11.9,0.54,22.3,6.4
Luke Kornet,27,BOS,C,69,0,804,113,170,.665,3,13,.231,110,157,.701,.674,32,39,.821,86,111,197,53,11,46,25,81,261,0,,luke-kornet,462,6.7,0.57,11.7,3.8
Mac McClung,24,PHI,SG,2,0,41,9,20,.450,4,11,.364,5,9,.556,.550,3,5,.600,3,7,10,9,0,0,3,3,25,0,,mac-mcclung,38,19.0,0.93,20.5,17.6
Malachi Flynn,24,TOR,PG,53,2,691,87,242,.360,47,133,.353,40,109,.367,.457,25,33,.758,15,61,76,70,21,4,25,65,246,0,,malachi-flynn,327,6.2,0.47,13.0,2.9
Malaki Branham,19,SAS,SG,66,32,1550,269,611,.440,77,255,.302,192,356,.539,.503,58,70,.829,28,153,181,127,33,7,76,115,673,0,,malaki-branham,830,12.6,0.54,23.5,6.7
Malcolm Brogdon,30,BOS,PG,67,0,1744,354,732,.484,132,297,.444,222,435,.510,.574,160,184,.870,42,238,280,248,45,18,98,109,1000,0,6MOY-1,malcolm-brogdon,1384,20.7,0.79,26.0,16.4
Malcolm Hill,27,CHI,SF,5,0,9,2,4,.500,1,3,.333,1,1,1.000,.625,0,0,,0,3,3,0,0,0,0,1,5,0,,malcolm-hill,7,1.4,0.78,1.8,1.1
Malik Beasley,26,2TM,SG,81,27,2093,370,937,.395,235,658,.357,135,279,.484,.520,50,65,.769,35,248,283,124,65,9,90,107,1025,0,,malik-beasley,1309,16.2,0.63,25.8,10.1
Malik Monk,24,SAC,SG,77,0,1719,357,796,.448,143,398,.359,214,398,.538,.538,184,207,.889,32,171,203,298,49,20,146,125,1041,0,6MOY-5,malik-monk,1340,17.4,0.78,22.3,13.6
Mamadi Diakite,26,CLE,C,22,2,176,24,50,.480,7,21,.333,17,29,.586,.550,2,2,1.000,8,22,30,8,4,9,12,26,57,0,,mamadi-diakite,70,3.2,0.4,8.0,1.3
Marcus Morris,33,LAC,PF,65,65,1825,274,643,.426,112,308,.364,162,335,.484,.513,68,87,.782,29,229,258,114,42,21,56,136,728,0,,marcus-morris,971,14.9,0.53,28.1,7.9
Marcus Smart,28,BOS,PG,61,61,1957,250,602,.415,115,342,.336,135,260,.519,.511,88,118,.746,46,145,191,382,93,23,143,172,703,0,,marcus-smart,1077,17.7,0.55,32.1,9.7
MarJon Beauchamp,22,MIL,SF,52,11,701,96,243,.395,47,142,.331,49,101,.485,.492,27,37,.730,38,77,115,35,21,7,45,71,266,0,,marjon-beauchamp,328,6.3,0.47,13.5,3.0
Mark Williams,21,CHO,C,43,17,828,160,251,.637,0,0,,160,251,.637,.637,67,97,.691,93,211,304,18,28,45,40,94,387,0,,mark-williams,648,15.1,0.78,19.3,11.8
Markelle Fultz,24,ORL,PG,60,60,1778,349,679,.514,27,87,.310,322,592,.544,.534,112,143,.783,69,165,234,341,87,26,139,131,837,0,,markelle-fultz,1255,20.9,0.71,29.6,14.8
Markieff Morris,33,2TM,PF,35,2,355,47,115,.409,28,71,.394,19,44,.432,.530,10,10,1.000,13,58,71,31,9,5,18,48,132,0,,markieff-morris,182,5.2,0.51,10.1,2.7
Marko Simonovic,23,CHI,C,7,0,20,2,7,.286,1,4,.250,1,3,.333,.357,1,2,.500,1,1,2,0,0,0,0,5,6,0,,marko-simonovic,3,0.4,0.15,2.9,0.1
Marvin Bagley III,23,DET,C,42,25,990,202,382,.529,19,66,.288,183,316,.579,.554,81,108,.750,94,175,269,36,19,30,46,81,504,0,,marvin-bagley,731,17.4,0.74,23.6,12.9
Mason Plumlee,32,2TM,C,79,60,2054,329,484,.680,0,0,,329,484,.680,.680,199,313,.636,229,471,700,245,46,47,117,217,857,0,,mason-plumlee,1561,19.8,0.76,26.0,15.0
Matisse Thybulle,25,2TM,SF,71,28,1200,110,253,.435,54,148,.365,56,105,.533,.542,19,28,.679,40,100,140,53,83,32,24,113,293,0,,matisse-thybulle,464,6.5,0.39,16.9,2.5
Matt Ryan,25,2TM,SF,34,0,310,40,108,.370,32,84,.381,8,24,.333,.519,10,12,.833,4,22,26,16,5,1,7,27,122,0,,matt-ryan,136,4.0,0.44,9.1,1.8
Matthew Dellavedova,32,SAC,PG,32,0,213,17,50,.340,9,27,.333,8,23,.348,.430,4,7,.571,1,12,13,41,7,0,10,20,47,0,,matthew-dellavedova,78,2.4,0.37,6.7,0.9
Max Christie,19,LAL,SG,41,3,512,44,106,.415,26,62,.419,18,44,.409,.538,14,16,.875,7,68,75,21,9,7,13,33,128,0,,max-christie,194,4.7,0.38,12.5,1.8
Max Strus,26,MIA,SF,80,33,2272,324,790,.410,197,563,.350,127,227,.559,.535,78,89,.876,49,209,258,171,42,12,70,166,923,0,,max-strus,1170,14.6,0.51,28.4,7.5
Maxi Kleber,31,DAL,PF,37,5,930,77,169,.456,39,112,.348,38,57,.667,.571,27,38,.711,30,105,135,52,12,30,27,85,220,0,,maxi-kleber,337,9.1,0.36,25.1,3.3
McKinley Wright IV,24,DAL,PG,27,1,335,46,98,.469,9,28,.321,37,70,.529,.515,13,19,.684,9,38,47,58,8,5,19,24,114,0,,mckinley-wright,189,7.0,0.56,12.4,3.9
Meyers Leonard,30,MIL,C,9,2,114,14,29,.483,7,18,.389,7,11,.636,.603,8,9,.889,12,22,34,1,2,0,6,16,43,0,,meyers-leonard,58,6.4,0.51,12.7,3.3
Mfiondu Kabengele,25,BOS,PF,4,0,36,2,7,.286,0,3,.000,2,4,.500,.286,2,2,1.000,5,5,10,0,2,0,1,3,6,0,,mfiondu-kabengele,14,3.5,0.39,9.0,1.4
Micah Potter,24,UTA,PF,7,0,52,10,15,.667,4,7,.571,6,8,.750,.800,0,0,,3,13,16,4,1,0,2,5,24,0,,micah-potter,38,5.4,0.73,7.4,4.0
Michael Carter-Williams,31,ORL,PG,4,0,44,6,14,.429,1,3,.333,5,11,.455,.464,4,7,.571,1,4,5,7,1,1,4,5,17,0,,michael-carter-williams,22,5.5,0.5,11.0,2.8
Michael Foster Jr.,20,PHI,PF,1,0,1,0,0,,0,0,,0,0,,,0,0,,0,0,0,0,0,0,0,0,0,0,,michael-foster,0,0.0,0.0,1.0,0.0
Michael Porter Jr.,24,DEN,SF,62,62,1798,398,817,.487,188,454,.414,210,363,.579,.602,96,120,.800,64,277,341,65,37,29,68,119,1080,0,,michael-porter,1365,22.0,0.76,29.0,16.7
Mikal Bridges,26,2TM,SG,83,83,2963,593,1267,.468,169,442,.382,424,825,.514,.535,316,353,.895,79,285,364,273,91,61,127,159,1671,0,,mikal-bridges,2174,26.2,0.73,35.7,19.2
Mike Conley,35,2TM,PG,67,66,2029,261,610,.428,135,351,.385,126,259,.486,.539,141,169,.834,33,149,182,450,73,14,103,139,798,0,,mike-conley,1275,19.0,0.63,30.3,12.0
Mike Muscala,31,2TM,C,63,9,945,131,292,.449,81,207,.391,50,85,.588,.587,40,52,.769,37,166,203,50,15,24,23,98,383,0,,mike-muscala,554,8.8,0.59,15.0,5.2
Miles McBride,22,NYK,PG,64,2,760,77,215,.358,40,134,.299,37,81,.457,.451,28,42,.667,13,37,50,72,37,8,25,60,222,0,,miles-mcbride,304,4.8,0.4,11.9,1.9
Mitchell Robinson,24,NYK,C,59,58,1591,188,280,.671,0,0,,188,280,.671,.671,59,122,.484,267,288,555,53,56,109,41,160,435,0,,mitchell-robinson,1007,17.1,0.63,27.0,10.8
Mo Bamba,24,2TM,C,49,7,769,117,241,.485,48,124,.387,69,117,.590,.585,41,62,.661,58,167,225,46,13,43,30,105,323,0,,mo-bamba,515,10.5,0.67,15.7,7.0
Monte Morris,27,WAS,PG,62,61,1695,247,515,.480,78,204,.382,169,311,.543,.555,64,77,.831,26,184,210,326,43,13,60,75,636,0,,monte-morris,1093,17.6,0.64,27.3,11.4
Montrezl Harrell,29,PHI,C,57,7,681,125,209,.598,0,6,.000,125,203,.616,.598,70,101,.693,67,92,159,33,17,25,35,75,320,0,,montrezl-harrell,444,7.8,0.65,11.9,5.1
Moritz Wagner,25,ORL,C,57,18,1109,198,396,.500,51,163,.313,147,233,.631,.564,153,182,.841,69,190,259,84,37,13,68,136,600,0,,moritz-wagner,789,13.8,0.71,19.5,9.8
Moses Brown,23,2TM,C,36,1,294,61,96,.635,0,0,,61,96,.635,.635,33,72,.458,57,82,139,4,4,14,15,39,155,0,,moses-brown,262,7.3,0.89,8.2,6.5
Moses Moody,20,GSW,SG,63,3,817,108,227,.476,49,135,.363,59,92,.641,.584,37,53,.698,28,77,105,51,18,7,34,54,302,0,,moses-moody,395,6.3,0.48,13.0,3.0
Moussa Diabaté,21,LAC,C,22,1,195,24,47,.511,1,2,.500,23,45,.511,.521,10,16,.625,31,19,50,4,7,8,9,15,59,0,,moussa-diabate,104,4.7,0.53,8.9,2.5
Myles Turner,26,IND,C,62,62,1825,402,733,.548,93,249,.373,309,484,.638,.612,216,276,.783,88,378,466,89,36,140,103,215,1113,0,,myles-turner,1526,24.6,0.84,29.4,20.6
Naji Marshall,25,NOP,SF,77,21,1792,247,571,.433,66,218,.303,181,353,.513,.490,138,175,.789,48,231,279,189,54,14,97,113,698,0,,naji-marshall,1024,13.3,0.57,23.3,7.6
Nassir Little,22,POR,SF,54,4,976,134,303,.442,58,158,.367,76,145,.524,.538,33,46,.717,27,114,141,50,20,20,36,66,359,0,,nassir-little,488,9.0,0.5,18.1,4.5
Nathan Knight,25,MIN,C,38,0,291,46,81,.568,8,22,.364,38,59,.644,.617,39,57,.684,22,34,56,13,10,6,21,41,139,0,,nathan-knight,162,4.3,0.56,7.7,2.4
Naz Reid,23,MIN,C,68,11,1251,310,577,.537,75,217,.346,235,360,.653,.602,86,127,.677,73,260,333,77,42,53,92,176,781,0,,naz-reid,1018,15.0,0.81,18.4,12.2
Neemias Queta,23,SAC,C,5,0,29,6,9,.667,0,0,,6,9,.667,.667,0,2,.000,5,6,11,1,0,2,1,7,12,0,,neemias-queta,18,3.6,0.62,5.8,2.2
Nerlens Noel,28,2TM,C,17,4,195,13,36,.361,1,2,.500,12,34,.353,.375,8,12,.667,10,36,46,10,16,10,13,32,35,0,,nerlens-noel,72,4.2,0.37,11.5,1.6
Nic Claxton,23,BRK,C,76,76,2271,414,587,.705,0,2,.000,414,585,.708,.705,133,246,.541,184,518,702,144,65,189,96,212,961,0,DPOY-9,nic-claxton,1753,23.1,0.77,29.9,17.8
Nick Richards,25,CHO,C,65,9,1217,197,313,.629,1,1,1.000,196,312,.628,.631,137,183,.749,147,269,416,38,11,71,59,154,532,0,,nick-richards,855,13.2,0.7,18.7,9.2
Nickeil Alexander-Walker,24,2TM,SG,59,3,884,131,295,.444,61,159,.384,70,136,.515,.547,40,60,.667,15,86,101,108,32,21,55,88,363,0,,nickeil-alexander-walker,482,8.2,0.55,15.0,4.5
Nicolas Batum,34,LAC,PF,78,19,1709,160,381,.420,124,317,.391,36,64,.563,.583,34,48,.708,62,237,299,121,54,44,50,149,478,0,,nicolas-batum,797,10.2,0.47,21.9,4.8
Nikola Jokić,27,DEN,C,69,69,2323,646,1022,.632,57,149,.383,589,873,.675,.660,341,415,.822,167,650,817,678,87,47,247,174,1690,29,"MVP-2,CPOY-13,AS,NBA2",nikola-jokic,2898,42.0,1.25,33.7,52.4
Nikola Jović,19,MIA,PF,15,8,204,28,69,.406,8,35,.229,20,34,.588,.464,18,19,.947,9,22,31,10,7,2,10,19,82,0,,nikola-jovic,103,6.9,0.5,13.6,3.5
Nikola Vučević,32,CHI,C,82,82,2746,597,1148,.520,121,347,.349,476,801,.594,.573,132,158,.835,159,744,903,265,60,57,139,179,1447,1,,nikola-vucevic,2414,29.4,0.88,33.5,25.9
Noah Vonleh,27,BOS,C,23,1,171,11,24,.458,1,4,.250,10,20,.500,.479,2,2,1.000,18,30,48,7,2,8,11,35,25,0,,noah-vonleh,44,1.9,0.26,7.4,0.5
Norman Powell,29,LAC,SG,60,8,1567,340,710,.479,114,287,.397,226,423,.534,.559,225,277,.812,24,151,175,109,50,18,101,125,1019,0,6MOY-4,norman-powell,1145,19.1,0.73,26.1,13.9
Obi Toppin,24,NYK,PF,67,5,1050,187,419,.446,85,247,.344,102,172,.593,.548,38,47,.809,29,158,187,66,23,12,38,68,497,0,,obi-toppin,679,10.1,0.65,15.7,6.6
Ochai Agbaji,22,UTA,SG,59,22,1209,165,386,.427,81,228,.355,84,158,.532,.532,56,69,.812,43,78,121,67,16,15,41,99,467,0,,ochai-agbaji,546,9.3,0.45,20.5,4.2
OG Anunoby,25,TOR,SF,67,67,2386,421,885,.476,142,367,.387,279,518,.539,.556,140,167,.838,95,237,332,131,128,50,132,200,1124,0,DPOY-7,og-anunoby,1433,21.4,0.6,35.6,12.8
Olivier Sarr,23,OKC,C,9,1,114,15,30,.500,1,8,.125,14,22,.636,.517,5,7,.714,12,19,31,4,1,5,4,17,36,0,,olivier-sarr,56,6.2,0.49,12.7,3.1
Omer Yurtseven,24,MIA,C,9,0,83,16,27,.593,3,7,.429,13,20,.650,.648,5,6,.833,8,15,23,2,2,2,4,16,40,0,,omer-yurtseven,49,5.4,0.59,9.2,3.2
Onyeka Okongwu,22,ATL,C,80,18,1849,317,497,.638,4,13,.308,313,484,.647,.642,153,196,.781,217,359,576,81,56,107,81,251,791,0,,onyeka-okongwu,1279,16.0,0.69,23.1,11.1
Orlando Robinson,22,MIA,C,31,1,425,47,89,.528,0,6,.000,47,83,.566,.528,22,31,.710,48,78,126,25,12,12,16,53,116,0,,orlando-robinson,222,7.2,0.52,13.7,3.7
Oshae Brissett,24,IND,PF,65,2,1083,123,319,.386,48,155,.310,75,164,.457,.461,104,145,.717,62,156,218,44,33,13,34,79,398,0,,oshae-brissett,593,9.1,0.55,16.7,5.0
Otto Porter Jr.,29,TOR,SF,8,2,146,15,30,.500,6,17,.353,9,13,.692,.600,8,8,1.000,6,13,19,8,11,0,4,7,44,0,,otto-porter,71,8.9,0.49,18.2,4.3
Ousmane Dieng,19,OKC,PF,39,1,569,76,181,.420,26,98,.265,50,83,.602,.492,15,23,.652,19,86,105,46,14,7,26,42,193,0,,ousmane-dieng,297,7.6,0.52,14.6,4.0
Paolo Banchero,20,ORL,PF,72,72,2430,479,1122,.427,85,285,.298,394,837,.471,.465,394,534,.738,84,413,497,269,60,39,200,160,1437,0,ROY-1,paolo-banchero,1942,27.0,0.8,33.8,21.6
Pascal Siakam,28,TOR,PF,71,71,2652,630,1313,.480,93,287,.324,537,1026,.523,.515,367,474,.774,131,425,556,415,65,36,169,228,1720,2,AS,pascal-siakam,2395,33.7,0.9,37.4,30.5
Pat Connaughton,30,MIL,SF,61,33,1443,165,421,.392,109,322,.339,56,99,.566,.521,27,41,.659,50,233,283,77,37,11,33,69,466,0,,pat-connaughton,772,12.7,0.53,23.7,6.8
Patrick Baldwin Jr.,20,GSW,SF,31,0,226,43,109,.394,32,84,.381,11,25,.440,.541,4,6,.667,1,39,40,11,6,4,11,14,122,0,,patrick-baldwin,158,5.1,0.7,7.3,3.6
Patrick Beverley,34,2TM,PG,67,67,1816,144,360,.400,80,239,.335,64,121,.529,.511,47,65,.723,44,203,247,194,63,41,60,187,415,0,,patrick-beverley,713,10.6,0.39,27.1,4.2
Patrick Williams,21,CHI,PF,82,65,2323,314,677,.464,115,277,.415,199,400,.498,.549,90,105,.857,78,249,327,100,72,70,101,147,833,0,,patrick-williams,1154,14.1,0.5,28.3,7.0
Patty Mills,34,BRK,PG,40,2,567,86,209,.411,49,134,.366,37,75,.493,.529,25,30,.833,8,36,44,56,15,3,30,32,246,0,,patty-mills,302,7.6,0.53,14.2,4.0
Paul George,32,LAC,SF,56,56,1939,459,1004,.457,158,426,.371,301,578,.521,.536,256,294,.871,45,297,342,288,83,20,176,159,1332,1,AS,paul-george,1730,30.9,0.89,34.6,27.6
Paul Reed,23,PHI,C,69,2,755,124,209,.593,1,6,.167,123,203,.606,.596,38,51,.745,112,150,262,27,46,51,45,123,287,0,,paul-reed,505,7.3,0.67,10.9,4.9
Payton Pritchard,25,BOS,PG,48,3,643,101,245,.412,56,154,.364,45,91,.495,.527,12,16,.750,25,63,88,64,14,1,40,37,270,1,,payton-pritchard,360,7.5,0.56,13.4,4.2
Peyton Watson,20,DEN,SG,23,2,186,29,59,.492,6,14,.429,23,45,.511,.542,11,20,.550,8,29,37,11,2,11,8,14,75,0,,peyton-watson,114,5.0,0.61,8.1,3.0
PJ Dozier,26,SAC,SF,16,0,79,10,33,.303,2,16,.125,8,17,.471,.333,0,0,,1,13,14,10,6,1,5,7,22,0,,pj-dozier,41,2.6,0.52,4.9,1.3
P.J. Tucker,37,PHI,PF,75,75,1920,96,225,.427,55,140,.393,41,85,.482,.549,19,23,.826,95,200,295,60,39,15,44,180,266,0,,pj-tucker,451,6.0,0.23,25.6,1.4
P.J. Washington,24,CHO,PF,73,73,2380,434,978,.444,149,428,.348,285,550,.518,.520,127,174,.730,73,285,358,175,66,79,110,193,1144,0,,pj-washington,1519,20.8,0.64,32.6,13.3
Precious Achiuwa,23,TOR,C,55,12,1140,196,404,.485,29,108,.269,167,296,.564,.521,87,124,.702,100,228,328,50,31,30,59,102,508,0,,precious-achiuwa,786,14.3,0.69,20.7,9.9
Quentin Grimes,22,NYK,SG,71,66,2121,282,602,.468,157,407,.386,125,195,.641,.599,78,98,.796,49,180,229,150,47,26,69,177,799,0,,quentin-grimes,1005,14.2,0.47,29.9,6.7
Quenton Jackson,24,WAS,PG,9,0,135,19,42,.452,1,12,.083,18,30,.600,.464,17,22,.773,2,6,8,15,4,1,4,10,56,0,,quenton-jackson,70,7.8,0.52,15.0,4.0
RaiQuan Gray,23,BRK,PF,1,0,35,6,12,.500,2,5,.400,4,7,.571,.583,2,2,1.000,3,6,9,7,0,1,4,5,16,0,,raiquan-gray,24,24.0,0.69,35.0,16.5
Raul Neto,30,CLE,PG,48,1,505,57,110,.518,12,42,.286,45,68,.662,.573,31,34,.912,10,36,46,79,17,4,24,49,157,0,,raul-neto,230,4.8,0.46,10.5,2.2
Reggie Bullock,31,DAL,SF,78,55,2364,192,470,.409,151,397,.380,41,73,.562,.569,26,37,.703,32,251,283,108,54,13,36,166,561,0,,reggie-bullock,817,10.5,0.35,30.3,3.6
Reggie Jackson,32,2TM,PG,68,40,1657,263,640,.411,96,288,.333,167,352,.474,.486,71,78,.910,25,119,144,233,47,6,115,114,693,0,,reggie-jackson,894,13.1,0.54,24.4,7.1
Richaun Holmes,29,SAC,C,42,1,348,55,89,.618,5,8,.625,50,81,.617,.646,15,19,.789,29,51,80,9,3,11,14,50,130,0,,richaun-holmes,169,4.0,0.49,8.3,2.0
Ricky Rubio,32,CLE,PG,33,2,566,61,178,.343,21,82,.256,40,96,.417,.402,28,35,.800,9,61,70,115,26,6,31,51,171,0,,ricky-rubio,306,9.3,0.54,17.2,5.0
RJ Barrett,22,NYK,SG,73,73,2475,510,1176,.434,121,390,.310,389,786,.495,.485,290,392,.740,60,308,368,201,31,15,164,179,1431,0,,rj-barrett,1703,23.3,0.69,33.9,16.1
R.J. Hampton,21,2TM,SG,47,3,750,102,237,.430,41,116,.353,61,121,.504,.517,57,76,.750,18,69,87,54,27,9,42,51,302,0,,rj-hampton,386,8.2,0.51,16.0,4.2
Robert Covington,32,LAC,PF,48,0,779,102,229,.445,54,136,.397,48,93,.516,.563,30,40,.750,31,135,166,57,38,33,32,86,288,0,,robert-covington,464,9.7,0.6,16.2,5.8
Robert Williams,25,BOS,C,35,20,824,127,170,.747,0,1,.000,127,169,.751,.747,25,41,.610,104,188,292,50,22,48,34,68,279,0,,robert-williams,589,16.8,0.71,23.5,12.0
Robin Lopez,34,CLE,C,37,2,299,48,75,.640,2,4,.500,46,71,.648,.653,14,18,.778,23,28,51,19,2,8,25,43,112,0,,robin-lopez,124,3.4,0.41,8.1,1.4
Rodney McGruder,31,DET,SG,32,12,524,62,152,.408,41,97,.423,21,55,.382,.543,18,22,.818,20,54,74,28,16,1,11,39,183,0,,rodney-mcgruder,252,7.9,0.48,16.4,3.8
Romeo Langford,23,SAS,SG,43,21,844,121,259,.467,16,61,.262,105,198,.530,.498,39,56,.696,57,57,114,50,24,13,30,67,297,0,,romeo-langford,401,9.3,0.48,19.6,4.4
Ron Harper Jr.,22,TOR,PF,9,0,48,8,16,.500,3,9,.333,5,7,.714,.594,1,1,1.000,3,4,7,4,0,1,0,3,20,0,,ron-harper,29,3.2,0.6,5.3,1.9
Royce O'Neale,29,BRK,SF,76,53,2409,229,593,.386,163,419,.389,66,174,.379,.524,50,69,.725,55,329,384,283,65,49,114,239,671,1,,royce-oneale,1099,14.5,0.46,31.7,6.6
Rudy Gay,36,UTA,PF,56,0,816,109,287,.380,33,130,.254,76,157,.484,.437,42,49,.857,33,130,163,57,19,18,37,68,293,0,,rudy-gay,445,7.9,0.55,14.6,4.3
Rudy Gobert,30,MIN,C,70,70,2148,360,546,.659,0,3,.000,360,543,.663,.659,219,340,.644,231,583,814,87,56,95,122,210,939,0,,rudy-gobert,1659,23.7,0.77,30.7,18.3
Rui Hachimura,24,2TM,PF,63,9,1466,284,584,.486,51,160,.319,233,424,.550,.530,88,119,.739,53,230,283,58,19,26,53,72,707,0,,rui-hachimura,968,15.4,0.66,23.3,10.1
Russell Westbrook,34,2TM,PG,73,24,2126,432,991,.436,89,286,.311,343,705,.487,.481,206,314,.656,89,334,423,551,76,33,255,162,1159,4,6MOY-9,russell-westbrook,1825,25.0,0.86,29.1,21.5
Ryan Arcidiacono,28,2TM,PG,20,4,172,9,37,.243,8,23,.348,1,14,.071,.351,0,0,,0,15,15,23,5,0,7,17,26,0,,ryan-arcidiacono,45,2.2,0.26,8.6,0.6
Ryan Rollins,20,GSW,PG,12,0,62,7,20,.350,3,9,.333,4,11,.364,.425,6,6,1.000,3,9,12,6,1,1,16,10,23,0,,ryan-rollins,17,1.4,0.27,5.2,0.4
Saben Lee,23,2TM,PG,25,1,373,49,121,.405,11,30,.367,38,91,.418,.450,42,57,.737,13,32,45,67,19,1,24,32,151,0,,saben-lee,227,9.1,0.61,14.9,5.5
Saddiq Bey,23,2TM,SF,77,37,2129,353,836,.422,151,418,.361,202,418,.483,.513,205,238,.861,98,264,362,118,70,13,71,123,1062,0,,saddiq-bey,1431,18.6,0.67,27.6,12.5
Sam Hauser,25,BOS,SF,80,8,1290,180,396,.455,140,335,.418,40,61,.656,.631,12,17,.706,35,169,204,71,29,21,30,99,512,0,,sam-hauser,708,8.8,0.55,16.1,4.9
Sam Merrill,26,CLE,SG,5,0,59,9,22,.409,5,18,.278,4,4,1.000,.523,2,2,1.000,0,9,9,5,4,0,0,3,25,0,,sam-merrill,40,8.0,0.68,11.8,5.4
Sandro Mamukelashvili,23,2TM,C,43,7,660,97,230,.422,30,99,.303,67,131,.511,.487,39,57,.684,70,115,185,62,14,12,35,52,263,0,,sandro-mamukelashvili,449,10.4,0.68,15.3,7.1
Santi Aldama,22,MEM,PF,77,20,1682,247,525,.470,94,266,.353,153,259,.591,.560,108,144,.750,85,286,371,97,45,48,60,143,696,0,,santi-aldama,1054,13.7,0.63,21.8,8.6
Scottie Barnes,21,TOR,SF,77,76,2678,463,1016,.456,63,224,.281,400,792,.505,.487,190,246,.772,179,333,512,371,83,61,154,170,1179,1,,scottie-barnes,1882,24.4,0.7,34.8,17.2
Scotty Pippen Jr.,22,LAL,PG,6,0,32,4,12,.333,1,3,.333,3,9,.333,.375,5,9,.556,2,2,4,2,2,1,2,3,14,0,,scotty-pippen,18,3.0,0.56,5.3,1.7
Serge Ibaka,33,MIL,C,16,0,185,26,54,.481,6,18,.333,20,36,.556,.537,8,13,.615,15,29,44,4,2,7,11,23,66,0,,serge-ibaka,89,5.6,0.48,11.6,2.7
Seth Curry,32,BRK,SG,61,7,1211,208,449,.463,94,232,.405,114,217,.525,.568,51,55,.927,13,87,100,99,36,7,51,96,561,0,,seth-curry,656,10.8,0.54,19.9,5.8
Shaedon Sharpe,19,POR,SG,80,15,1779,306,648,.472,102,283,.360,204,365,.559,.551,75,105,.714,63,173,236,94,38,24,83,136,789,0,,shaedon-sharpe,962,12.0,0.54,22.2,6.5
Shai Gilgeous-Alexander,24,OKC,PG,68,68,2416,704,1381,.510,58,168,.345,646,1213,.533,.531,669,739,.905,59,270,329,371,112,65,192,192,2135,0,"MVP-5,CPOY-7,AS,NBA1",shai-gilgeous-alexander,2628,38.6,1.09,35.5,42.0
Shake Milton,26,PHI,SG,76,11,1567,241,503,.479,56,148,.378,185,355,.521,.535,99,116,.853,39,152,191,240,25,13,94,123,637,0,,shake-milton,889,11.7,0.57,20.6,6.6
Shaquille Harrison,29,POR,SG,5,0,120,15,36,.417,3,10,.300,12,26,.462,.458,11,15,.733,1,21,22,30,11,2,6,12,44,0,,shaquille-harrison,91,18.2,0.76,24.0,13.8
Simone Fontecchio,27,UTA,SF,52,6,766,115,312,.369,63,191,.330,52,121,.430,.470,35,44,.795,31,55,86,42,15,8,39,62,328,0,,simone-fontecchio,378,7.3,0.49,14.7,3.6
Skylar Mays,25,POR,PG,6,6,189,34,68,.500,12,26,.462,22,42,.524,.588,12,13,.923,2,17,19,50,6,1,10,11,92,0,,skylar-mays,147,24.5,0.78,31.5,19.1
Spencer Dinwiddie,29,2TM,SG,79,79,2725,460,1050,.438,181,490,.369,279,560,.498,.524,268,330,.812,28,242,270,515,67,24,145,187,1369,0,,spencer-dinwiddie,1913,24.2,0.7,34.5,17.0
Stanley Johnson,26,SAS,SF,30,0,469,65,122,.533,18,40,.450,47,82,.573,.607,26,39,.667,22,73,95,67,16,6,33,48,174,0,,stanley-johnson,277,9.2,0.59,15.6,5.5
Stanley Umude,23,DET,SG,1,0,2,0,1,.000,0,1,.000,0,0,,.000,2,2,1.000,0,0,0,0,1,1,0,0,2,0,,stanley-umude,4,4.0,2.0,2.0,8.0
Stephen Curry,34,GSW,PG,56,56,1941,559,1133,.493,273,639,.427,286,494,.579,.614,257,281,.915,39,302,341,352,52,20,179,117,1648,1,"MVP-9,CPOY-9,AS,NBA2",stephen-curry,2117,37.8,1.09,34.7,41.2
Sterling Brown,27,LAL,SF,4,0,24,0,4,.000,0,2,.000,0,2,.000,.000,0,0,,3,5,8,2,3,0,0,4,0,0,,sterling-brown,9,2.2,0.38,6.0,0.8
Steven Adams,29,MEM,C,42,42,1133,157,263,.597,0,1,.000,157,262,.599,.597,47,129,.364,214,271,485,97,36,46,79,98,361,0,,steven-adams,848,20.2,0.75,27.0,15.1
Svi Mykhailiuk,25,2TM,SF,32,8,468,77,173,.445,42,99,.424,35,74,.473,.566,26,39,.667,15,38,53,53,15,4,24,23,222,0,,svi-mykhailiuk,300,9.4,0.64,14.6,6.0
Taj Gibson,37,WAS,C,49,2,480,65,125,.520,8,24,.333,57,101,.564,.552,30,42,.714,32,61,93,34,15,12,26,84,168,0,,taj-gibson,212,4.3,0.44,9.8,1.9
Talen Horton-Tucker,22,UTA,SG,65,20,1313,257,613,.419,58,203,.286,199,410,.485,.467,126,168,.750,41,169,210,246,41,29,126,108,698,0,,talen-horton-tucker,990,15.2,0.75,20.2,11.5
Tari Eason,21,HOU,PF,82,5,1767,296,660,.448,59,172,.343,237,488,.486,.493,109,145,.752,195,301,496,88,96,47,101,189,760,0,,tari-eason,1197,14.6,0.68,21.5,9.9
Taurean Prince,28,MIN,PF,54,4,1192,177,379,.467,74,194,.381,103,185,.557,.565,65,77,.844,15,117,132,84,28,15,69,123,493,0,,taurean-prince,560,10.4,0.47,22.1,4.9
Terance Mann,26,LAC,SG,81,36,1872,272,524,.519,77,198,.389,195,326,.598,.593,92,118,.780,77,199,276,184,42,22,80,149,713,0,,terance-mann,1008,12.4,0.54,23.1,6.7
Terence Davis,25,SAC,SG,64,5,841,154,364,.423,89,243,.366,65,121,.537,.545,34,43,.791,20,119,139,67,43,12,53,104,431,0,,terence-davis,535,8.4,0.64,13.1,5.3
Terrence Ross,31,2TM,SG,63,9,1330,200,465,.430,95,258,.368,105,207,.507,.532,27,34,.794,22,132,154,95,35,10,43,97,522,0,,terrence-ross,676,10.7,0.51,21.1,5.5
Terry Rozier,28,CHO,SG,63,63,2221,493,1188,.415,165,505,.327,328,683,.480,.484,178,220,.809,51,208,259,319,74,16,134,119,1329,0,,terry-rozier,1744,27.7,0.79,35.3,21.7
Terry Taylor,23,2TM,PF,31,2,264,39,75,.520,5,19,.263,34,56,.607,.553,6,11,.545,27,20,47,10,3,6,9,26,89,0,,terry-taylor,120,3.9,0.45,8.5,1.8
Thaddeus Young,34,TOR,PF,54,9,795,108,198,.545,6,34,.176,102,164,.622,.561,18,26,.692,71,95,166,75,54,5,42,88,240,0,,thaddeus-young,410,7.6,0.52,14.7,3.9
Thanasis Antetokounmpo,30,MIL,PF,37,0,206,20,46,.435,0,8,.000,20,38,.526,.435,11,22,.500,15,29,44,15,3,3,12,22,51,0,,thanasis-antetokounmpo,82,2.2,0.4,5.6,0.9
Théo Maledon,21,CHO,PG,44,7,854,102,254,.402,28,95,.295,74,159,.465,.457,63,74,.851,14,109,123,152,37,12,59,61,295,0,,theo-maledon,499,11.3,0.58,19.4,6.6
Theo Pinson,27,DAL,SG,40,1,323,31,87,.356,22,62,.355,9,25,.360,.483,11,13,.846,10,53,63,46,6,1,12,34,95,1,,theo-pinson,165,4.1,0.51,8.1,2.1
Thomas Bryant,25,2TM,C,59,26,1081,230,369,.623,26,59,.441,204,310,.658,.659,93,126,.738,86,253,339,31,16,30,38,102,579,0,,thomas-bryant,855,14.5,0.79,18.3,11.5
Tim Hardaway Jr.,30,DAL,SF,71,45,2152,340,847,.401,212,550,.385,128,297,.431,.527,127,165,.770,21,230,251,129,49,12,60,120,1019,0,,tim-hardaway,1280,18.0,0.59,30.3,10.7
T.J. McConnell,30,IND,PG,75,6,1526,283,521,.543,26,59,.441,257,462,.556,.568,58,68,.853,45,189,234,397,81,10,143,105,650,1,,tj-mcconnell,1124,15.0,0.74,20.3,11.0
T.J. Warren,29,2TM,PF,42,0,687,132,270,.489,22,67,.328,110,203,.542,.530,28,35,.800,26,95,121,40,22,12,20,65,314,0,,tj-warren,424,10.1,0.62,16.4,6.2
Tobias Harris,30,PHI,SF,74,74,2436,423,845,.501,126,324,.389,297,521,.570,.575,113,129,.876,67,357,424,186,68,40,89,149,1085,0,,tobias-harris,1565,21.1,0.64,32.9,13.6
Tony Bradley,25,CHI,C,12,0,33,6,12,.500,3,5,.600,3,7,.429,.625,4,4,1.000,1,10,11,1,1,1,1,2,19,0,,tony-bradley,30,2.5,0.91,2.8,2.3
Torrey Craig,32,PHO,PF,79,60,1948,228,500,.456,100,253,.395,128,247,.518,.556,32,45,.711,145,281,426,117,50,62,73,179,588,0,,torrey-craig,991,12.5,0.51,24.7,6.4
Trae Young,24,ATL,PG,73,73,2541,597,1390,.429,154,460,.335,443,930,.476,.485,566,639,.886,56,161,217,741,80,9,300,104,1914,0,,trae-young,2557,35.0,1.01,34.8,35.2
Tre Jones,23,SAS,PG,68,65,1984,341,743,.459,45,158,.285,296,585,.506,.489,148,172,.860,56,189,245,448,89,9,110,98,875,2,,tre-jones,1458,21.4,0.73,29.2,15.8
Tre Mann,21,OKC,PG,67,5,1183,197,501,.393,81,257,.315,116,244,.475,.474,42,55,.764,27,128,155,120,40,11,62,99,517,1,,tre-mann,682,10.2,0.58,17.7,5.9
Trendon Watford,22,POR,PF,62,12,1182,181,323,.560,25,64,.391,156,259,.602,.599,72,100,.720,42,196,238,130,32,12,71,118,459,0,,trendon-watford,682,11.0,0.58,19.1,6.3
Trent Forrest,24,ATL,SG,23,3,277,25,60,.417,0,2,.000,25,58,.431,.417,2,3,.667,5,32,37,38,7,2,15,17,52,0,,trent-forrest,104,4.5,0.38,12.0,1.7
Trevelin Queen,25,IND,SG,7,0,70,7,29,.241,2,15,.133,5,14,.357,.276,5,5,1.000,8,9,17,6,2,5,7,4,21,0,,trevelin-queen,40,5.7,0.57,10.0,3.3
Trevor Hudgins,23,HOU,PG,5,0,28,2,9,.222,2,8,.250,0,1,.000,.333,3,3,1.000,0,0,0,3,0,0,1,1,9,0,,trevor-hudgins,10,2.0,0.36,5.6,0.7
Trevor Keels,19,NYK,SG,3,0,8,1,4,.250,1,4,.250,0,0,,.375,0,0,,0,2,2,0,0,0,0,0,3,0,,trevor-keels,5,1.7,0.62,2.7,1.0
Trey Lyles,27,SAC,PF,74,0,1247,187,408,.458,87,240,.363,100,168,.595,.565,101,124,.815,68,232,300,66,27,31,64,97,562,0,,trey-lyles,825,11.1,0.66,16.9,7.4
Trey Murphy III,22,NOP,SF,79,65,2448,387,800,.484,202,497,.406,185,303,.611,.610,172,190,.905,59,222,281,112,89,43,61,155,1148,0,,trey-murphy,1457,18.4,0.6,31.0,11.0
Troy Brown Jr.,23,LAL,SF,76,45,1860,200,465,.430,107,281,.381,93,184,.505,.545,34,39,.872,62,246,308,95,59,16,49,120,541,0,,troy-brown,850,11.2,0.46,24.5,5.1
Ty Jerome,25,GSW,SG,45,2,816,118,242,.488,35,90,.389,83,152,.546,.560,38,41,.927,7,71,78,135,23,5,30,64,309,0,,ty-jerome,456,10.1,0.56,18.1,5.7
Tyler Dorsey,26,DAL,SF,3,0,8,4,5,.800,1,2,.500,3,3,1.000,.900,0,0,,1,1,2,0,0,0,0,0,9,0,,tyler-dorsey,11,3.7,1.38,2.7,5.0
Tyler Herro,23,MIA,SG,67,67,2337,487,1109,.439,203,537,.378,284,572,.497,.531,170,182,.934,27,333,360,280,51,16,158,101,1347,1,,tyler-herro,1795,26.8,0.77,34.9,20.6
Tyrese Haliburton,22,IND,PG,56,56,1883,412,841,.490,161,402,.400,251,439,.572,.586,175,201,.871,33,172,205,585,91,25,141,69,1160,0,AS,tyrese-haliburton,1856,33.1,0.99,33.6,32.7
Tyrese Martin,23,ATL,SG,16,0,66,9,23,.391,1,7,.143,8,16,.500,.413,2,2,1.000,5,7,12,2,1,0,2,2,21,0,,tyrese-martin,32,2.0,0.48,4.1,1.0
Tyrese Maxey,22,PHI,SG,60,41,2016,439,913,.481,160,369,.434,279,544,.513,.568,180,213,.845,23,153,176,212,49,8,80,132,1218,0,,tyrese-maxey,1451,24.2,0.72,33.6,17.4
TyTy Washington Jr.,21,HOU,PG,31,2,433,58,160,.363,19,80,.238,39,80,.488,.422,10,18,.556,2,43,45,47,15,2,14,29,145,0,,tyty-washington,211,6.8,0.49,14.0,3.3
Tyus Jones,26,MEM,PG,80,22,1940,311,710,.438,121,326,.371,190,384,.495,.523,80,100,.800,28,172,200,417,83,6,74,32,823,1,6MOY-6,tyus-jones,1423,17.8,0.73,24.2,13.0
Udoka Azubuike,23,UTA,C,36,4,359,59,72,.819,0,0,,59,72,.819,.819,7,20,.350,31,88,119,11,6,15,18,34,125,0,,udoka-azubuike,224,6.2,0.62,10.0,3.9
Udonis Haslem,42,MIA,C,7,1,71,10,29,.345,3,9,.333,7,20,.350,.397,4,5,.800,4,7,11,0,1,2,1,11,27,0,,udonis-haslem,29,4.1,0.41,10.1,1.7
Usman Garuba,20,HOU,C,75,1,970,86,177,.486,24,59,.407,62,118,.525,.554,29,47,.617,120,187,307,64,44,29,47,135,225,0,,usman-garuba,487,6.5,0.5,12.9,3.3
Vernon Carey Jr.,21,WAS,C,11,0,28,2,8,.250,0,0,,2,8,.250,.250,2,2,1.000,3,8,11,3,2,2,2,5,6,0,,vernon-carey,17,1.5,0.61,2.5,0.9
Victor Oladipo,30,MIA,SG,42,2,1106,160,403,.397,70,212,.330,90,191,.471,.484,59,79,.747,16,112,128,146,57,12,87,99,449,0,,victor-oladipo,606,14.4,0.55,26.3,7.9
Vince Williams Jr.,22,MEM,SG,15,1,105,12,40,.300,4,28,.143,8,12,.667,.350,2,2,1.000,4,11,15,4,6,2,5,12,30,0,,vince-williams,40,2.7,0.38,7.0,1.0
Vit Krejci,22,ATL,PG,29,0,165,15,37,.405,5,21,.238,10,16,.625,.473,1,2,.500,6,20,26,17,5,1,5,17,36,0,,vit-krejci,63,2.2,0.38,5.7,0.8
Vlatko Čančar,25,DEN,PF,60,9,889,108,227,.476,43,115,.374,65,112,.580,.570,38,41,.927,24,104,128,80,22,14,37,84,297,0,,vlatko-cancar,420,7.0,0.47,14.8,3.3
Walker Kessler,21,UTA,C,74,40,1703,298,414,.720,1,3,.333,297,411,.723,.721,82,159,.516,231,389,620,69,26,173,58,169,679,0,ROY-3,walker-kessler,1340,18.1,0.79,23.0,14.2
Wendell Carter Jr.,23,ORL,C,57,54,1690,322,613,.525,80,225,.356,242,388,.624,.591,144,195,.738,120,377,497,132,30,33,106,159,868,0,,wendell-carter,1295,22.7,0.77,29.6,17.4
Wendell Moore Jr.,21,MIN,SG,29,2,153,18,43,.419,2,17,.118,16,26,.615,.442,4,5,.800,4,14,18,18,8,5,8,13,42,0,,wendell-moore,70,2.4,0.46,5.3,1.1
Wenyen Gabriel,25,LAL,C,68,2,1024,155,260,.596,10,36,.278,145,224,.647,.615,52,84,.619,116,170,286,36,26,35,46,144,372,0,,wenyen-gabriel,565,8.3,0.55,15.1,4.6
Wesley Matthews,36,MIL,SF,52,0,820,58,160,.363,39,124,.315,19,36,.528,.484,24,28,.857,34,79,113,34,20,13,18,71,179,0,,wesley-matthews,270,5.2,0.33,15.8,1.7
Will Barton,32,2TM,SG,56,2,993,138,364,.379,66,180,.367,72,184,.391,.470,37,47,.787,15,122,137,112,28,13,48,56,379,0,,will-barton,565,10.1,0.57,17.7,5.7
Willy Hernangómez,28,NOP,C,38,2,458,89,169,.527,3,11,.273,86,158,.544,.536,81,104,.779,58,122,180,33,17,13,39,64,262,0,,willy-hernangomez,402,10.6,0.88,12.1,9.3
Xavier Cooks,27,WAS,PF,10,1,126,17,28,.607,0,1,.000,17,27,.630,.607,4,10,.400,16,22,38,6,6,4,8,13,38,0,,xavier-cooks,71,7.1,0.56,12.6,4.0
Xavier Moon,28,LAC,SG,4,0,20,3,9,.333,1,3,.333,2,6,.333,.389,0,0,,0,3,3,5,0,0,1,2,7,0,,xavier-moon,12,3.0,0.6,5.0,1.8
Xavier Sneed,25,CHO,SF,4,0,48,5,10,.500,3,6,.500,2,4,.500,.650,4,4,1.000,0,5,5,5,0,1,3,7,17,0,,xavier-sneed,18,4.5,0.38,12.0,1.7
Xavier Tillman Sr.,24,MEM,C,61,29,1180,188,306,.614,4,15,.267,184,291,.632,.621,49,89,.551,121,186,307,96,58,29,44,97,429,0,,xavier-tillman,778,12.8,0.66,19.3,8.4
Yuta Watanabe,28,BRK,SF,58,1,928,114,232,.491,60,135,.444,54,97,.557,.621,34,47,.723,30,111,141,48,25,17,22,80,322,0,,yuta-watanabe,451,7.8,0.49,16.0,3.8
Zach Collins,25,SAS,C,63,26,1441,284,548,.518,55,147,.374,229,401,.571,.568,108,142,.761,116,286,402,180,37,49,129,199,731,0,,zach-collins,1071,17.0,0.74,22.9,12.6
Zach LaVine,27,CHI,SG,77,77,2768,673,1388,.485,204,544,.375,469,844,.556,.558,363,428,.848,42,303,345,327,69,18,194,159,1913,0,,zach-lavine,2319,30.1,0.84,35.9,25.2
Zeke Nnaji,22,DEN,PF,53,5,728,110,196,.561,17,65,.262,93,131,.710,.605,40,62,.645,65,73,138,18,17,23,31,105,277,0,,zeke-nnaji,337,6.4,0.46,13.7,2.9
Ziaire Williams,21,MEM,SF,37,4,561,84,196,.429,25,97,.258,59,99,.596,.492,17,22,.773,16,63,79,35,14,6,37,58,210,0,,ziaire-williams,249,6.7,0.44,15.2,3.0
Zion Williamson,22,NOP,PF,29,29,956,285,469,.608,7,19,.368,278,450,.618,.615,177,248,.714,58,144,202,133,32,16,99,65,754,0,AS,zion-williamson,973,33.6,1.02,33.0,34.1
